2;189;189;1
107;69;44;44
61;160;154;77
14;169;182;27
34;184;100;25
146;107;178;58
188;180;197;123
94;160;178;141
45;194;136;170
115;151;76;90
139;101;113;60
139;160;163;142
36;186;188;90
197;15;149;30
110;109;106;108
68;166;55;75
87;133;74;195
87;14;24;162
59;134;103;35
27;96;10;112
137;104;84;173
132;12;12;52
123;31;87;145
33;50;82;152
195;153;89;123
54;46;105;74
129;15;133;75
190;56;190;170
186;185;185;72
106;25;173;171
82;171;97;78
187;197;113;76
190;30;35;143
33;167;193;194
103;156;147;16
59;168;133;128
40;131;183;172
167;164;93;25
149;78;140;58
36;179;191;138
181;63;18;134
164;106;21;105
25;193;175;179
53;175;22;172
90;127;29;185
151;192;76;121
42;98;74;39
25;120;92;168
39;136;94;190
118;76;169;66
91;30;193;31
16;167;145;26
166;133;107;84
46;101;116;93
56;93;141;188
105;66;11;49
44;11;146;178
169;146;75;194
109;115;69;47
23;183;91;189
162;48;199;132
23;61;96;14
57;62;110;69
84;75;100;51
199;136;190;97
49;84;118;148
66;118;126;171
122;197;196;168
78;21;110;62
159;24;76;132
159;181;131;132
173;49;110;172
171;117;88;129
12;197;106;188
141;196;149;99
176;92;125;122
92;16;146;180
143;121;164;182
147;161;96;79
147;162;15;35
174;76;123;184
57;111;136;175
36;15;83;107
48;46;163;109
15;126;109;140
155;46;34;118
129;93;194;41
55;171;42;148
123;174;125;20
162;58;42;30
45;124;46;54
104;143;147;197
21;154;120;36
123;195;157;23
113;28;38;162
104;32;193;42
200;52;157;166
135;147;196;109
56;91;133;46
13;18;139;155
49;33;128;84
63;113;192;101
53;116;48;38
30;106;193;106
69;125;100;81
123;110;130;36
98;188;155;137
177;38;68;112
122;46;112;54
17;90;165;79
43;130;60;156
97;182;53;101
183;127;111;59
174;49;177;153
160;71;97;112
113;79;118;92
199;155;169;164
136;131;94;65
129;64;140;78
69;35;133;170
10;42;163;136
98;139;93;166
179;80;190;196
64;167;49;126
168;161;28;91
171;76;31;71
143;159;178;118
185;36;129;191
142;79;62;131
70;30;186;138
164;145;102;72
21;156;185;105
172;149;175;162
48;63;27;12
182;165;48;67
178;89;184;132
97;74;78;122
182;136;34;172
118;187;50;127
19;78;82;65
30;119;123;80
75;174;165;11
103;58;85;119
52;129;178;180
63;107;82;13
21;124;99;166
143;179;127;29
67;53;107;170
21;13;125;18
26;140;150;71
129;95;20;47
89;86;82;169
93;171;163;184
152;93;119;147
31;63;99;28
83;184;103;75
91;106;81;11
174;187;132;68
191;62;196;80
168;176;12;59
128;92;139;161
185;48;23;150
126;16;116;196
169;70;114;19
149;183;137;102
51;73;114;87
153;16;106;63
167;50;178;121
98;197;56;198
36;11;99;79
22;162;82;83
38;26;124;42
165;20;136;192
77;177;46;100
121;166;76;137
75;183;128;136
138;180;88;39
64;119;102;146
164;174;114;157
68;150;65;63
106;142;189;197
66;78;136;49
195;40;108;37
125;115;54;11
200;51;57;163
22;51;34;167
192;34;52;49
151;139;76;45
196;134;10;17
85;90;91;193
44;198;93;19
45;34;108;124
46;96;151;15
26;27;109;83
172;72;136;179
63;59;55;103
27;149;195;155
29;163;164;80
63;47;28;78
77;71;195;50
88;179;138;72
62;11;192;153
90;166;53;162
15;196;131;89
44;170;142;29
11;137;97;52
129;131;188;28
54;116;160;16
84;57;118;153
53;141;146;169
111;14;99;69
81;79;162;185
120;182;64;74
172;21;26;111
86;117;131;78
11;77;131;32
73;20;189;121
85;34;199;165
28;174;118;200
163;151;169;78
71;137;60;81
121;195;153;19
156;10;25;169
31;170;150;87
44;110;184;100
40;100;98;146
82;166;188;172
102;15;100;74
64;58;59;185
56;72;18;147
133;81;20;99
27;92;171;90
200;180;102;130
15;106;177;15
152;63;198;54
200;21;98;192
193;111;118;68
61;85;152;188
55;176;54;92
154;85;181;103
130;44;178;167
197;25;30;31
170;146;60;31
143;33;139;54
64;161;66;116
113;171;194;176
190;171;186;30
148;114;115;97
60;107;27;109
77;199;174;176
70;196;13;87
145;82;54;177
91;115;160;39
11;183;40;180
44;123;52;88
63;13;83;38
106;60;10;77
146;87;14;169
200;17;34;118
161;131;139;107
117;148;91;120
148;144;53;120
74;114;10;67
11;154;98;85
39;83;196;141
134;30;73;144
190;135;90;161
59;52;182;46
18;74;190;197
30;38;177;62
90;146;59;58
172;13;85;187
95;22;61;142
129;38;149;37
146;157;58;140
37;108;101;181
35;48;89;47
160;165;198;194
78;161;54;85
55;84;49;190
100;129;181;195
35;54;198;107
149;150;23;166
91;119;200;159
46;109;161;185
145;169;133;29
29;174;112;54
80;144;78;20
169;159;193;92
110;36;172;126
19;30;68;32
164;175;142;175
77;137;86;78
188;128;183;54
148;178;160;193
102;23;44;95
135;63;103;103
27;184;38;161
99;170;88;182
169;45;151;53
180;83;132;148
62;75;30;151
149;45;196;112
111;167;31;192
143;33;93;100
190;92;160;110
149;49;189;160
101;48;59;83
22;120;70;20
163;34;115;108
34;108;147;48
68;190;62;44
113;126;200;137
56;89;170;22
77;30;198;179
22;112;170;29
154;24;108;56
13;78;47;192
28;161;90;22
68;169;106;101
68;140;34;23
74;146;19;59
101;152;148;21
50;115;190;170
98;137;72;145
105;27;25;37
142;136;57;61
166;129;120;157
184;42;178;36
41;68;186;188
100;151;46;112
143;16;192;94
10;123;167;154
181;182;154;70
142;52;101;32
63;159;137;33
168;50;33;128
65;141;62;57
28;114;182;72
126;80;51;134
18;132;174;155
120;159;141;46
174;131;80;72
100;24;19;152
68;129;92;20
94;139;106;147
181;53;16;66
165;32;81;177
100;75;117;33
186;172;26;190
73;49;108;81
111;47;94;196
156;58;173;75
131;173;184;164
167;118;192;142
12;122;172;148
199;119;137;114
53;168;197;110
158;151;154;163
81;51;24;178
45;92;158;20
37;33;52;47
135;108;15;116
93;20;97;58
197;187;184;130
76;117;52;102
71;167;52;143
97;186;162;61
23;185;42;13
127;78;157;113
176;124;43;21
115;110;43;77
188;196;113;114
200;67;104;33
89;157;106;94
35;10;114;143
105;185;93;83
150;79;41;177
76;60;158;138
172;177;121;123
30;115;108;19
165;16;147;144
176;52;85;78
78;183;122;64
104;98;178;142
16;144;105;145
48;40;64;45
150;78;118;65
109;76;87;200
14;103;183;126
85;184;30;59
92;19;102;22
95;62;52;84
150;155;101;159
94;30;93;110
72;93;80;175
91;181;44;168
154;135;73;14
107;127;156;22
133;35;113;176
82;25;112;132
45;125;191;140
48;179;158;159
41;87;116;94
192;179;166;78
15;103;183;110
160;110;199;198
148;113;113;63
139;87;160;90
39;63;73;188
183;145;67;93
147;60;193;39
104;78;31;96
176;189;55;179
140;46;63;100
125;157;38;158
159;151;158;106
10;181;176;110
31;22;43;53
105;79;97;184
155;143;43;174
18;123;75;80
112;76;35;153
47;107;30;31
95;167;139;198
68;197;79;19
141;42;50;64
181;191;86;63
22;132;129;36
42;193;30;47
71;41;48;61
128;176;193;24
97;53;111;151
81;142;162;68
99;170;37;107
59;89;19;157
115;186;15;157
112;92;26;106
113;169;79;59
44;187;21;117
161;177;45;11
81;191;190;166
184;40;90;150
44;89;11;130
40;125;47;22
181;116;49;193
50;152;96;199
169;74;139;140
27;137;188;180
41;144;51;138
79;153;69;163
144;132;125;51
46;34;184;42
35;23;179;165
158;85;83;37
103;26;126;23
89;22;17;13
23;153;144;172
60;144;101;57
151;158;46;89
140;99;23;13
116;136;131;139
79;102;109;142
184;109;157;63
101;154;158;81
32;126;102;25
178;108;176;104
23;45;116;118
194;38;158;93
146;54;11;34
190;125;144;160
124;43;165;37
179;78;17;189
152;188;199;60
189;96;127;99
56;139;125;66
33;20;69;49
83;89;111;139
164;101;134;95
192;127;50;177
192;113;133;54
97;122;170;145
118;126;51;37
53;16;125;160
177;105;101;167
64;33;94;129
97;113;133;38
197;119;40;160
110;37;180;85
96;71;57;28
180;43;154;42
164;122;190;66
198;94;69;84
140;103;64;189
100;199;188;71
160;45;92;177
88;15;133;162
183;155;141;198
155;147;164;74
166;50;194;43
96;25;118;176
38;94;192;84
23;106;116;89
141;80;39;23
52;74;22;46
134;129;69;71
117;175;114;104
169;111;186;72
39;164;89;102
18;191;54;22
166;194;112;96
198;106;135;103
121;160;154;93
79;181;123;108
81;169;194;140
36;93;165;145
62;155;49;144
188;51;38;126
100;87;193;29
75;64;189;113
174;173;109;171
142;171;67;88
158;143;63;73
35;167;164;71
189;15;67;96
55;127;140;31
51;124;67;57
47;37;122;138
171;28;125;140
99;114;162;185
113;127;88;159
195;50;151;200
199;26;101;145
90;55;30;128
125;52;90;100
119;77;64;72
47;145;123;52
76;135;95;159
69;197;69;192
102;187;108;193
106;49;151;103
162;155;110;79
121;140;54;104
177;191;87;91
16;143;63;135
134;35;87;38
104;145;183;96
99;194;151;43
30;158;119;197
97;67;70;198
44;183;58;122
174;197;190;150
17;20;162;57
181;46;162;198
44;170;54;60
48;89;158;59
190;166;76;14
15;86;195;167
106;157;156;88
72;16;15;195
149;70;124;166
94;47;29;140
178;190;93;81
115;70;53;91
174;137;111;69
36;158;184;85
153;149;24;174
33;71;111;95
116;65;186;141
128;174;99;16
22;93;40;34
172;127;150;198
64;114;52;129
108;190;99;43
66;113;78;84
96;157;116;200
199;126;47;192
35;100;22;123
139;38;49;79
81;80;163;33
79;101;196;175
21;162;199;91
38;51;193;170
139;83;44;180
32;107;123;47
87;118;15;67
55;83;105;110
66;124;113;86
49;108;56;58
139;64;161;198
194;93;168;179
104;35;138;167
20;49;171;140
83;44;143;142
102;36;162;197
106;80;86;114
58;196;30;25
127;120;124;28
46;157;83;71
122;89;124;63
133;27;171;180
112;62;131;55
136;131;86;66
83;140;128;145
131;114;191;53
33;34;16;164
182;152;21;128
179;18;128;78
119;140;110;112
189;59;68;14
188;86;83;42
177;198;56;156
133;118;178;129
134;106;106;164
101;26;69;32
120;62;89;156
118;132;58;141
195;141;170;170
143;41;113;136
160;151;14;198
77;183;134;132
135;168;66;149
15;54;118;117
11;168;82;167
196;194;199;147
191;54;139;81
200;70;102;107
139;145;139;111
112;63;56;44
89;36;63;37
110;75;100;11
87;78;136;86
194;44;104;24
61;160;80;145
194;164;37;126
155;131;90;148
150;149;174;86
198;115;126;125
85;140;135;135
172;54;67;182
171;81;93;82
172;156;36;68
82;162;165;110
57;129;174;125
189;162;152;144
101;17;145;144
56;14;164;150
28;33;131;156
10;129;141;187
167;108;97;200
132;127;32;15
167;129;38;142
154;99;176;23
132;162;72;25
72;177;179;92
153;64;125;149
85;34;94;29
123;22;95;186
146;169;103;94
32;39;105;106
82;193;139;186
168;178;144;168
67;16;44;133
121;25;90;92
52;146;40;158
138;100;106;21
112;143;84;15
106;147;120;195
136;134;47;110
123;56;181;44
86;135;174;76
43;131;104;144
70;194;131;10
26;107;22;10
23;18;71;111
117;44;128;122
186;70;181;181
146;77;12;50
139;81;140;62
154;106;86;151
63;146;155;47
172;48;194;28
59;40;108;147
11;32;29;52
35;133;36;129
75;111;35;134
25;141;191;165
139;51;151;39
134;71;62;24
195;142;23;29
143;35;182;45
48;151;83;115
120;60;143;179
79;134;160;164
188;73;164;115
28;161;18;155
162;124;151;110
10;20;160;59
48;152;139;58
139;166;60;186
54;53;72;54
59;105;106;190
51;108;50;144
38;133;52;118
122;156;49;89
18;177;29;23
176;14;23;121
175;135;118;44
111;57;128;149
32;171;45;168
13;51;123;71
173;118;70;105
101;10;50;61
71;117;165;167
132;94;138;62
172;159;100;27
64;27;48;119
101;90;100;111
18;59;111;32
18;122;20;200
195;143;35;134
51;108;92;130
22;36;136;110
102;114;84;98
92;170;188;184
16;10;199;57
162;14;185;131
17;190;43;136
171;139;138;124
82;151;11;15
40;62;30;46
74;192;152;49
58;94;138;117
189;36;56;49
172;19;62;166
93;112;85;180
183;67;175;162
10;15;134;61
51;135;71;14
141;88;138;125
87;131;50;194
195;17;97;170
190;150;117;146
133;46;10;132
165;15;148;123
18;90;13;117
163;87;161;75
108;160;172;32
101;104;108;112
106;80;70;90
62;67;113;200
88;156;165;169
10;146;23;170
34;124;47;160
48;193;123;43
179;79;125;10
90;77;94;97
147;142;192;191
147;10;89;94
154;100;32;122
193;26;182;112
128;92;157;48
19;180;103;146
101;68;84;89
146;68;97;95
40;198;169;157
43;197;157;110
192;144;87;76
87;161;95;192
47;108;80;197
37;125;23;15
176;119;35;93
160;21;34;88
30;161;158;13
179;134;75;142
25;198;174;66
122;61;174;57
130;196;14;181
78;145;160;167
144;180;80;106
132;82;76;31
179;198;60;144
44;81;111;137
194;106;170;11
68;36;35;123
22;163;133;107
84;150;83;109
62;36;95;69
57;52;185;112
126;188;33;177
150;40;22;130
56;31;20;14
150;124;131;83
59;131;66;119
128;153;61;175
78;177;196;67
124;169;106;105
194;160;18;131
101;199;140;158
15;170;110;178
143;14;29;119
141;174;25;92
10;155;164;59
118;18;108;46
193;200;67;26
108;188;127;194
118;73;72;182
154;155;157;182
62;110;132;64
100;27;182;180
198;189;188;36
13;126;163;198
188;153;97;58
49;180;171;36
22;90;194;65
177;101;179;36
104;79;131;94
173;94;184;149
115;189;93;14
151;130;124;107
187;141;16;68
67;74;52;49
12;171;100;123
168;130;173;133
62;138;101;171
37;184;61;21
188;29;47;69
32;151;47;10
192;158;85;59
109;127;39;93
98;159;83;191
53;149;185;187
152;72;37;43
77;176;87;129
13;12;47;184
22;112;42;121
192;128;90;33
66;106;69;166
13;198;14;166
151;100;23;89
53;115;36;67
61;147;145;143
164;186;146;129
45;161;60;138
16;54;166;29
35;154;45;87
50;99;180;91
23;185;54;23
109;14;199;142
182;83;29;190
132;124;86;54
116;38;121;10
126;35;153;182
75;133;96;42
45;99;123;182
88;60;23;46
97;166;184;57
46;25;33;135
193;171;148;50
63;154;171;121
50;37;56;175
66;85;88;93
187;166;48;58
12;26;49;111
67;69;163;173
119;147;187;73
15;14;82;75
36;174;131;190
18;197;150;119
39;146;159;146
112;113;25;14
131;63;154;86
20;42;91;155
55;91;14;54
185;121;170;45
200;24;145;65
76;149;39;33
167;86;46;39
109;164;161;45
108;32;57;165
109;163;64;128
153;137;13;196
123;131;170;73
158;136;123;35
139;186;193;29
140;30;145;41
99;28;61;144
27;92;130;150
83;197;32;158
103;17;43;36
40;92;85;139
154;95;51;172
62;103;44;34
27;136;163;18
79;94;54;125
49;103;142;145
192;110;58;120
112;14;121;64
134;58;171;139
74;38;114;143
170;64;72;14
105;23;148;37
49;55;45;102
157;62;80;199
103;27;29;170
138;130;140;16
116;18;158;100
38;135;44;170
88;80;23;194
24;188;40;103
177;77;78;184
150;50;28;15
22;43;169;194
16;178;188;138
35;164;58;17
157;18;137;164
110;166;58;137
151;44;156;25
193;39;126;189
137;76;10;31
94;179;143;145
118;150;13;59
196;165;138;178
43;104;97;109
189;69;133;52
124;136;144;14
169;121;193;165
48;95;135;98
129;129;194;48
157;57;106;146
18;96;109;77
79;122;74;128
176;106;13;87
49;26;89;150
63;94;89;155
137;32;75;92
190;79;118;139
52;187;147;19
48;185;14;50
11;53;114;124
26;23;181;92
197;32;162;23
29;72;198;121
79;157;45;162
136;44;25;137
55;196;195;152
43;107;91;37
109;12;141;130
36;35;33;200
105;22;187;74
35;77;99;151
100;34;187;133
63;13;178;149
94;190;21;159
173;93;17;187
34;190;29;123
117;106;192;117
161;97;161;50
104;196;151;182
117;131;95;124
87;163;61;60
180;189;109;194
157;171;150;45
188;133;73;77
79;103;19;188
22;62;97;74
62;63;130;182
102;167;29;187
85;75;37;69
78;197;175;121
114;122;73;89
72;64;183;176
190;49;30;159
134;177;126;157
181;28;127;13
98;29;161;116
20;161;88;52
100;163;21;131
87;19;58;60
73;124;17;152
61;184;137;55
51;31;111;197
119;13;27;105
115;39;80;73
89;99;183;144
11;64;188;81
65;82;198;58
70;106;193;108
33;84;96;133
59;93;45;96
134;144;29;193
81;14;105;181
46;10;30;185
79;121;198;77
83;161;77;10
159;70;128;79
81;87;37;107
72;138;55;102
45;72;103;61
104;36;109;79
118;19;64;40
114;42;51;64
164;33;41;28
38;171;103;129
57;75;200;119
200;43;42;44
193;127;146;159
120;84;36;167
45;144;128;47
176;72;71;95
65;86;113;57
179;85;13;142
24;143;134;175
60;153;73;175
118;76;129;88
17;103;149;13
46;123;151;186
49;82;155;98
170;70;50;116
128;14;50;183
158;30;192;55
93;25;142;164
196;78;66;123
109;153;51;53
168;76;116;165
156;115;131;91
101;124;73;68
144;104;93;48
37;16;193;170
71;49;33;132
192;22;144;125
36;15;193;144
45;22;165;51
52;65;35;155
59;94;177;52
72;182;102;114
52;51;66;91
96;162;27;196
167;122;182;69
165;162;121;169
82;48;144;174
183;140;18;82
52;183;89;47
102;41;68;68
120;75;124;85
105;136;24;54
22;49;190;94
11;195;79;65
19;120;193;75
101;111;196;67
31;167;11;52
77;92;81;121
43;15;23;132
195;25;122;54
65;81;71;122
184;26;127;111
120;170;174;39
78;195;130;188
196;48;115;114
40;173;130;53
11;26;130;89
162;38;85;181
173;72;41;102
112;109;96;50
88;62;82;175
84;112;34;35
22;67;187;56
61;176;197;118
79;186;28;11
56;175;89;58
35;160;25;47
198;164;108;22
35;180;178;83
42;67;17;167
62;54;37;149
120;62;68;17
91;500;10;20
146;66;70;162
132;73;94;110
104;170;162;196
196;69;19;198
143;29;193;111
102;19;172;19
107;99;87;23
20;33;180;56
152;52;65;70
25;87;182;81
43;191;59;72
77;54;159;194
158;148;133;61
161;120;107;200
149;103;21;32
26;156;171;76
80;25;89;63
196;172;28;139
111;126;63;154
25;130;195;108
23;124;126;197
152;180;16;93
112;64;146;98
196;124;110;164
76;31;186;152
187;122;49;130
126;111;161;16
189;186;24;109
161;147;43;149
44;132;132;158
139;133;49;29
50;39;129;53
55;96;126;129
123;101;14;100
168;76;58;37
130;140;88;113
171;45;118;172
178;165;36;165
17;13;92;112
77;183;186;12
135;60;155;87
52;143;192;31
125;180;181;39
66;137;65;12
187;138;78;175
156;19;89;60
43;107;45;100
190;153;31;26
62;28;111;141
44;99;62;117
130;85;199;65
97;178;105;22
118;190;161;135
16;121;132;187
182;92;83;76
72;146;25;195
153;85;164;189
165;145;90;198
83;154;189;19
27;97;192;16
109;48;66;42
104;158;77;61
34;151;46;49
172;175;30;179
123;100;40;55
152;57;67;165
194;166;102;156
58;78;78;82
50;76;17;27
196;68;81;125
175;182;22;27
195;45;44;193
59;43;40;184
155;143;195;178
16;162;167;183
196;55;94;88
59;180;100;176
14;166;181;24
25;56;139;111
10;12;94;177
19;39;20;159
116;33;11;188
67;121;191;73
106;46;15;198
31;50;94;39
140;79;121;30
187;54;107;91
43;89;22;74
20;112;146;45
193;191;52;43
192;132;98;51
53;135;106;172
181;114;91;135
19;49;99;111
192;107;79;173
14;38;37;169
101;21;67;110
165;193;70;149
114;81;117;144
194;80;44;49
170;62;194;118
111;142;158;104
100;38;69;143
117;25;75;65
109;54;40;47
25;139;59;196
71;103;175;147
178;30;87;26
187;83;20;70
153;148;132;68
157;127;70;82
16;44;52;158
15;65;96;146
188;141;138;34
158;149;190;39
147;25;140;66
142;43;128;146
133;180;130;18
172;40;95;92
68;42;85;126
140;126;74;83
100;144;112;129
116;95;56;197
194;33;174;123
86;68;83;30
60;28;100;71
76;166;151;84
197;146;184;56
127;97;71;89
186;103;126;94
131;87;145;150
70;37;177;114
200;63;44;210
10;104;78;180
192;36;189;18
128;189;172;181
121;90;39;35
78;166;128;189
109;121;173;141
113;68;81;154
172;172;189;199
45;138;47;80
172;197;163;103
159;77;44;154
46;163;53;192
171;132;56;34
36;99;86;68
150;12;130;42
82;74;111;110
123;186;120;67
158;83;165;133
38;75;39;65
178;177;192;16
161;125;38;46
51;106;115;17
197;170;194;18
87;15;110;28
61;33;68;149
15;10;167;93
141;39;14;147
51;198;130;58
157;139;75;126
96;146;96;32
75;169;52;199
170;136;144;19
172;145;27;63
86;22;70;44
35;31;96;176
41;30;195;33
192;146;24;129
63;106;69;104
40;41;90;186
144;190;165;89
90;136;147;155
62;94;130;120
42;37;33;27
141;157;25;100
173;141;64;127
139;39;93;59
153;187;13;177
32;58;29;91
10;34;175;73
44;137;175;60
199;61;175;45
131;28;100;126
37;12;119;155
143;69;176;139
93;99;143;51
139;12;144;87
115;129;10;54
32;62;199;181
147;55;92;42
164;52;184;49
192;110;41;96
159;66;104;146
72;52;103;56
102;33;23;149
17;96;170;184
70;124;200;40
40;42;113;139
29;34;61;27
62;188;170;162
136;91;186;85
68;38;124;66
167;184;70;187
42;103;93;80
137;193;117;141
90;190;159;176
48;134;53;133
196;37;37;24
18;79;176;192
60;95;40;153
139;69;183;107
108;151;167;74
56;119;55;122
144;42;136;100
47;178;110;136
57;114;184;12
27;69;39;172
151;194;191;36
35;147;148;18
59;165;125;198
192;182;40;69
156;163;167;94
101;116;135;37
11;97;104;168
199;26;158;102
27;150;58;35
196;59;45;103
181;129;53;128
38;15;31;69
146;153;15;11
96;113;171;25
107;114;118;127
187;86;197;60
115;20;91;38
123;51;155;141
57;173;26;177
179;51;119;89
140;34;36;19
133;177;42;95
17;154;123;90
195;29;22;126
19;40;185;35
167;164;116;19
56;121;20;106
23;39;143;177
155;185;12;121
14;14;57;10
29;128;113;103
62;167;73;53
56;96;139;192
116;61;109;81
156;115;138;141
165;173;146;41
59;197;53;68
53;56;39;139
200;77;198;71
138;164;82;170
21;151;137;70
106;59;112;118
72;180;83;96
70;87;133;109
37;123;114;85
167;58;190;173
81;17;113;16
28;101;175;34
57;155;44;191
160;55;16;19
187;123;122;103
139;172;93;33
38;198;92;84
83;30;116;33
38;118;193;21
175;122;108;184
54;168;55;79
85;80;98;47
164;196;80;98
28;21;46;143
176;137;164;25
122;144;129;57
124;84;174;106
151;108;153;177
43;141;121;140
19;125;177;54
126;70;67;149
24;195;57;35
109;11;108;36
110;34;19;86
154;15;200;169
148;63;33;133
168;29;191;11
132;51;62;20
119;77;110;90
22;22;99;83
127;126;15;46
82;99;101;60
81;106;180;96
183;180;154;156
87;166;156;105
113;19;30;70
185;113;52;144
107;83;32;110
169;186;90;73
137;82;140;167
189;75;42;110
36;104;34;102
86;143;51;79
11;60;139;87
184;182;48;161
25;84;200;54
51;185;18;115
19;68;148;76
57;43;97;91
24;40;159;183
101;120;48;62
15;86;108;78
77;192;35;82
21;95;173;49
129;129;130;41
59;18;28;151
145;158;120;46
152;35;172;115
172;196;97;172
80;125;174;35
149;14;154;141
118;134;29;161
18;138;62;63
167;87;152;170
106;78;54;57
122;24;53;166
173;83;130;122
41;31;24;148
49;123;117;59
122;41;51;176
192;90;83;90
188;30;200;148
146;146;124;157
19;103;55;116
143;134;186;187
70;107;124;147
119;115;168;173
197;159;143;101
23;18;79;46
172;143;43;169
84;34;143;26
178;116;117;190
118;132;81;151
30;163;102;121
68;89;146;158
182;90;86;43
135;14;147;80
86;40;89;137
90;53;61;72
158;190;194;40
139;117;34;185
162;161;21;146
11;140;50;193
114;160;196;107
161;103;197;19
155;90;63;180
46;178;107;94
22;65;62;23
99;67;161;133
111;22;133;36
110;37;41;192
25;165;45;138
139;166;130;187
108;181;139;126
117;118;109;104
40;112;122;124
116;194;29;63
64;104;50;152
108;19;51;47
169;36;72;73
170;70;166;200
60;41;112;126
23;36;71;199
196;169;143;143
125;19;107;106
102;31;82;69
33;161;132;42
84;191;15;150
133;106;60;58
22;161;52;158
24;73;76;183
57;127;70;15
21;185;10;66
78;161;32;44
16;16;23;86
12;161;64;85
40;79;44;185
33;10;60;76
19;149;164;151
143;60;152;37
42;54;99;149
27;108;94;110
193;173;19;52
64;172;165;49
113;12;22;131
109;198;139;200
177;124;26;80
194;128;72;51
82;21;22;145
153;71;72;157
21;96;189;44
123;167;29;56
192;20;47;111
26;64;127;166
116;165;141;58
200;34;33;131
76;176;19;24
66;187;63;189
176;120;111;86
147;94;124;182
172;163;153;10
35;99;78;161
190;123;114;48
75;148;137;52
88;122;23;165
38;41;43;45
176;150;67;89
193;46;32;118
180;58;27;32
150;11;155;42
87;150;56;177
156;74;68;30
54;195;48;57
116;196;89;153
197;160;186;133
79;112;12;153
42;132;198;129
176;185;136;128
48;45;42;57
120;130;164;193
127;196;188;191
172;70;114;119
111;14;135;113
137;23;40;106
180;32;115;51
80;95;97;33
22;46;151;189
141;76;121;74
36;165;143;105
154;194;28;44
34;57;177;69
101;105;34;34
111;34;89;127
156;148;91;48
30;18;117;16
194;166;187;68
77;22;22;149
174;62;170;135
138;36;58;146
32;146;86;24
167;132;127;161
93;146;97;103
189;29;196;154
119;103;32;93
96;16;131;55
81;104;128;186
153;98;188;135
150;180;93;16
163;190;77;75
39;20;141;16
81;109;38;24
23;56;84;122
48;111;156;59
159;99;101;117
76;128;93;144
21;188;103;148
179;28;139;19
70;91;86;150
112;177;195;177
75;143;136;77
185;163;159;63
17;66;121;52
132;85;95;121
15;20;121;90
43;162;77;196
86;176;12;139
50;168;116;124
190;88;137;92
110;171;35;55
172;134;167;197
125;133;160;96
139;64;160;166
100;123;67;64
22;75;187;68
82;172;81;109
61;43;177;122
70;17;96;184
83;165;75;195
39;92;53;195
21;44;59;163
20;75;37;179
24;17;108;151
71;175;49;195
197;154;139;59
114;153;79;18
133;77;164;15
198;92;76;68
122;88;65;59
185;81;186;68
160;174;103;178
191;190;31;38
43;38;137;128
26;87;42;90
64;87;149;22
131;12;200;89
29;105;196;140
78;24;106;121
76;60;43;101
47;44;24;65
106;131;111;159
24;174;128;58
64;70;42;80
134;150;166;145
13;145;13;63
117;110;174;85
37;89;166;184
144;195;87;112
151;96;85;103
34;78;13;47
153;38;193;13
31;132;118;100
14;147;21;44
146;77;124;45
150;143;92;75
77;11;19;185
79;147;32;194
62;156;111;106
176;179;85;32
75;47;33;191
42;146;188;169
143;71;79;22
83;38;78;63
73;42;156;147
31;173;54;126
192;59;63;114
100;93;101;56
124;74;188;110
89;128;62;84
113;31;183;90
145;75;189;160
192;38;194;184
187;172;100;159
77;103;183;120
131;79;125;104
200;76;102;174
189;198;74;199
60;55;187;104
200;159;157;23
157;102;69;42
20;128;172;78
127;90;105;172
92;35;157;101
166;163;19;158
182;38;140;198
195;50;127;132
71;123;61;169
140;75;132;164
166;52;88;154
193;129;12;83
93;192;58;155
113;126;14;89
119;77;143;176
37;66;73;198
178;92;198;11
157;167;88;98
141;51;199;13
21;180;89;171
133;106;13;171
199;182;87;134
38;103;199;58
53;103;155;36
52;131;88;138
197;133;68;50
98;102;87;46
65;103;164;130
190;15;126;33
73;50;16;144
172;188;20;154
133;78;140;133
98;136;68;42
55;44;30;178
123;93;79;25
93;43;49;99
196;176;192;131
165;22;144;54
24;46;154;175
188;161;200;82
23;153;164;107
61;125;81;135
116;176;106;143
181;100;60;112
166;172;86;42
152;142;177;154
158;106;139;30
81;166;110;24
118;157;17;19
35;199;90;14
66;199;146;70
31;18;76;62
94;122;159;174
14;98;60;45
27;31;92;11
143;88;10;147
152;180;126;193
185;76;194;33
24;66;87;96
137;20;188;19
56;19;29;86
181;157;85;94
164;22;18;88
149;169;30;52
62;114;119;73
122;104;135;137
174;154;58;145
54;70;76;136
103;90;17;120
92;163;62;53
42;156;22;49
118;48;137;144
125;105;167;137
156;106;35;172
33;49;46;149
124;55;36;131
189;94;200;175
157;183;47;186
195;150;42;78
157;52;43;124
83;171;76;55
123;35;131;185
26;131;36;107
197;156;63;19
154;90;114;61
97;40;93;162
19;38;108;144
189;60;71;45
75;111;155;106
57;96;108;86
83;154;187;185
130;81;168;191
105;86;90;98
55;158;33;144
71;20;56;172
69;20;126;125
83;76;112;198
149;87;36;186
129;77;148;84
70;81;94;169
105;177;166;113
15;188;111;69
91;18;170;114
150;181;30;116
114;186;146;72
13;152;82;170
47;99;131;129
78;110;10;168
118;149;166;133
20;102;189;51
42;42;122;189
163;124;188;142
50;13;134;34
92;197;106;101
70;21;117;174
182;142;77;84
105;135;33;59
119;118;128;153
189;82;199;97
100;75;138;81
40;89;30;149
70;34;93;114
97;49;165;85
55;141;41;121
124;53;20;106
127;88;124;198
96;32;26;77
166;18;167;91
127;143;180;17
102;198;95;172
75;21;143;174
133;25;20;119
200;126;91;107
113;200;196;14
102;152;131;34
60;68;117;162
20;53;57;181
30;128;131;171
122;172;72;140
44;26;191;188
170;156;78;34
64;175;171;102
14;76;121;62
187;67;112;82
179;11;176;41
81;145;198;39
51;105;126;103
116;69;141;82
24;163;153;88
49;109;21;177
44;14;72;78
162;65;94;169
189;23;135;147
142;125;41;197
10;29;164;144
147;61;114;191
160;166;172;113
164;15;176;152
134;185;148;26
72;123;71;190
175;97;191;128
142;120;109;181
164;150;122;93
46;39;97;120
164;98;88;59
69;97;197;36
29;60;186;21
41;169;144;46
198;180;152;180
92;45;128;157
185;192;39;167
107;57;60;111
76;148;156;174
186;139;117;66
182;51;144;175
19;172;118;106
10;166;122;169
96;33;82;129
190;113;101;19
84;81;57;17
188;40;171;144
191;43;50;27
141;61;134;188
142;168;14;148
45;12;98;137
44;76;35;63
84;73;95;55
44;169;67;38
138;33;185;32
105;37;33;114
37;43;200;164
67;144;47;125
136;173;106;125
109;151;59;87
176;10;200;58
194;182;84;103
200;134;19;194
43;176;14;58
40;124;110;77
200;193;47;185
180;44;68;199
167;102;179;92
19;73;91;115
36;121;29;31
35;151;157;72
56;182;125;11
197;108;23;18
153;120;100;98
28;88;184;166
193;20;90;40
23;22;174;191
189;54;145;199
113;181;186;59
135;85;168;143
193;164;69;89
61;28;90;97
67;146;110;118
30;104;143;164
85;29;61;187
170;11;93;182
27;180;106;177
134;98;56;177
117;24;191;145
79;114;49;112
162;14;124;131
187;76;26;114
84;139;94;99
130;199;118;50
187;144;90;181
144;38;121;190
130;167;75;54
128;118;170;128
92;92;86;14
88;148;145;54
18;134;168;125
100;114;178;15
89;45;118;25
104;134;55;49
199;50;131;56
183;101;70;200
46;90;101;133
33;25;142;56
29;103;112;155
114;24;114;132
173;68;58;126
163;138;15;61
95;138;65;129
135;105;147;153
69;108;50;45
52;151;130;15
12;57;132;43
42;125;123;82
118;43;111;96
183;73;187;99
35;30;182;143
38;13;128;62
125;66;58;164
108;116;139;68
85;67;123;191
156;18;187;146
49;166;73;153
193;65;167;136
104;77;155;53
13;148;118;15
29;15;192;200
118;119;91;62
198;192;34;123
164;197;27;34
24;86;98;171
20;27;22;164
172;50;25;192
32;177;65;35
17;95;65;38
168;145;149;138
47;96;62;147
176;30;146;179
56;162;79;98
191;164;169;89
38;186;161;174
167;107;17;80
87;172;55;170
36;29;175;55
103;56;48;46
14;75;18;141
178;200;178;72
59;62;143;184
136;59;11;14
160;65;132;150
21;135;189;70
138;149;83;189
17;157;64;12
198;75;88;115
116;23;66;121
119;37;184;34
64;79;195;55
159;177;127;176
173;10;149;190
170;165;19;130
146;67;86;126
85;156;194;200
23;194;169;89
194;60;63;139
43;191;97;161
103;141;71;65
184;189;47;132
79;14;24;194
136;153;22;120
19;189;160;172
171;78;34;32
60;105;55;188
111;104;55;76
110;18;156;158
53;56;199;76
106;111;186;105
35;111;43;33
45;91;106;131
93;161;79;100
31;39;35;15
15;114;109;88
60;102;15;70
181;104;170;192
68;197;194;106
175;39;113;118
88;34;58;151
61;120;63;167
103;128;177;143
143;16;17;58
143;66;67;27
76;100;141;161
31;47;38;12
102;72;95;68
191;147;123;120
68;27;67;128
166;56;176;30
99;55;79;24
51;103;151;193
169;23;105;184
147;146;119;136
135;17;106;114
135;43;68;113
153;161;87;30
164;21;192;56
193;187;113;43
85;74;156;71
52;90;61;104
56;34;39;20
63;135;165;87
150;191;176;75
113;169;114;32
17;174;183;187
180;20;14;113
26;75;111;162
52;63;149;35
95;196;93;170
150;127;37;123
183;117;160;125
140;21;22;116
150;66;179;194
88;34;124;157
82;59;180;93
124;88;112;36
31;52;94;139
150;66;20;148
100;198;184;65
60;181;95;140
83;131;33;138
20;37;156;59
21;127;114;182
123;52;129;65
160;138;134;27
166;199;37;37
100;183;22;56
92;144;130;146
58;10;19;150
185;200;159;104
95;144;54;176
28;53;161;20
154;15;195;18
171;64;148;199
82;84;188;144
78;94;160;123
101;54;123;24
197;199;102;112
154;198;107;155
79;86;134;165
46;54;142;156
134;101;100;170
136;61;26;35
119;92;185;149
179;189;72;174
84;134;85;116
116;52;13;138
154;190;171;155
107;14;169;155
70;187;86;152
30;138;166;96
122;19;92;163
96;124;15;155
190;63;51;171
174;162;129;17
173;84;91;56
21;37;120;157
133;35;165;96
187;189;103;117
46;42;19;143
153;163;80;176
191;194;79;35
20;100;138;128
196;171;73;166
46;112;44;65
88;164;115;37
35;62;100;81
161;129;147;132
35;53;161;65
76;15;103;144
36;58;122;31
107;135;46;182
75;108;136;98
19;95;20;114
158;190;85;174
161;38;108;36
144;82;83;172
133;15;12;136
180;53;157;77
118;176;38;186
154;86;173;160
181;11;200;139
44;37;130;174
51;156;189;188
188;101;99;161
149;65;128;63
65;54;48;20
123;168;169;30
170;196;98;104
106;197;78;87
99;175;110;123
167;36;37;20
144;179;194;83
98;93;113;134
166;38;141;132
71;90;15;170
186;185;167;18
26;51;101;22
123;39;42;167
61;111;55;28
66;171;55;58
97;73;10;153
175;123;122;192
126;58;145;22
64;63;145;94
148;52;42;150
187;189;26;74
116;192;177;169
43;163;174;44
126;21;60;66
136;63;25;145
15;129;97;103
72;98;77;95
110;112;71;133
25;58;53;118
156;137;106;111
110;69;181;25
125;127;71;88
95;69;28;109
72;199;85;111
124;149;184;109
151;148;116;48
171;129;137;151
154;48;42;15
164;79;189;186
62;10;93;127
65;102;101;196
123;191;90;49
104;105;152;199
179;36;29;36
138;103;176;194
77;129;82;117
163;93;57;91
73;151;159;96
189;75;186;28
29;200;76;178
100;66;149;34
159;200;196;196
104;134;62;142
122;188;149;123
41;93;36;86
42;155;61;193
131;164;42;79
59;56;116;45
198;146;36;159
128;101;68;161
145;124;139;37
143;120;138;71
21;152;135;35
74;51;67;50
92;127;24;66
101;35;55;58
168;40;138;88
148;83;60;85
143;62;10;100
150;197;46;117
20;183;153;80
121;134;47;134
48;75;44;167
168;175;152;183
43;27;158;71
169;23;188;200
196;121;197;66
53;139;12;197
175;40;103;126
93;53;198;176
15;194;138;82
153;157;182;172
29;152;33;196
66;165;167;197
126;90;16;98
16;197;70;21
129;156;86;132
97;51;91;36
22;97;161;96
106;179;97;65
63;198;25;11
181;145;47;98
140;163;67;188
81;27;194;62
112;39;140;169
91;116;172;13
68;12;109;61
45;125;162;137
13;60;161;20
182;97;136;74
127;80;67;72
60;163;142;123
107;159;117;152
48;154;74;53
195;154;18;101
119;84;15;127
79;23;183;103
166;199;95;72
162;34;130;173
106;79;77;82
147;72;173;82
128;102;89;169
24;82;108;16
100;76;185;72
73;195;47;197
15;112;39;114
49;80;25;39
48;29;49;79
153;90;97;184
162;55;69;107
179;15;101;142
188;40;194;180
165;159;167;34
181;185;182;105
61;164;63;56
145;151;99;172
198;184;71;161
31;162;153;59
158;133;128;193
68;52;47;35
37;172;40;161
172;13;195;53
14;57;77;138
95;128;118;45
39;45;103;50
72;31;69;37
198;79;170;94
88;34;120;96
136;11;159;38
185;142;178;155
17;82;69;33
27;63;87;95
11;59;55;90
127;108;13;20
125;120;126;71
122;105;170;176
135;112;194;16
79;44;69;194
75;105;108;199
72;25;153;108
60;185;175;61
27;41;44;82
14;210;54;54
94;74;195;167
72;108;70;178
89;123;183;132
158;139;80;197
153;53;165;172
88;80;117;36
156;66;92;184
24;111;115;188
89;33;190;89
79;28;26;92
22;27;179;133
145;108;172;60
183;32;161;21
36;120;152;14
53;190;53;102
111;11;195;97
123;83;181;55
164;25;166;53
163;174;178;92
28;150;117;29
51;12;83;36
85;78;119;100
118;69;167;153
114;161;187;149
173;140;86;145
109;151;57;92
40;65;123;71
21;163;164;33
166;57;148;116
102;123;136;24
77;107;122;71
122;35;90;96
83;70;143;107
96;78;58;183
16;129;84;14
150;174;56;99
150;132;107;154
150;125;99;41
41;193;113;132
154;102;156;192
132;40;109;51
32;38;49;130
26;173;35;160
74;58;109;161
180;83;25;65
164;31;176;176
57;179;36;119
190;13;102;80
87;193;122;145
169;106;196;64
146;172;14;191
48;38;27;190
137;86;149;191
48;197;132;126
124;113;190;74
92;59;53;91
114;102;49;70
164;17;22;156
41;19;154;101
137;106;120;57
124;172;164;74
17;145;103;37
126;116;72;185
199;162;85;36
63;163;144;124
134;188;78;143
179;21;128;85
167;194;183;19
179;53;54;34
196;57;194;171
84;156;68;111
141;54;190;107
65;37;69;22
196;34;53;25
43;44;137;71
171;180;37;11
55;96;175;95
54;159;166;177
185;158;130;109
103;105;12;127
199;99;31;181
64;164;74;57
196;83;18;18
171;124;186;56
187;31;170;26
42;14;88;164
93;89;53;39
147;42;171;83
185;120;119;60
106;124;114;146
138;36;135;25
60;24;68;20
160;196;122;143
167;131;18;105
161;166;51;54
186;58;129;137
65;123;188;23
80;189;66;101
184;16;173;55
150;48;56;189
36;131;21;29
198;61;154;64
12;149;58;120
179;28;68;100
101;50;182;192
164;60;145;70
30;41;36;114
72;158;47;76
105;92;178;87
39;130;48;85
103;47;193;126
98;164;39;25
160;110;29;139
193;155;83;176
128;165;136;30
70;114;34;179
12;75;171;170
104;67;47;114
51;144;167;99
199;141;96;29
159;158;23;38
101;95;198;50
100;149;80;64
199;20;42;180
14;66;86;69
108;121;100;115
184;13;157;165
103;198;57;188
122;140;33;22
181;149;29;15
72;97;63;108
124;80;79;121
38;164;79;57
82;113;134;172
134;88;31;152
59;10;164;40
138;136;81;136
24;138;86;81
184;68;121;175
71;104;179;72
89;111;37;142
195;96;71;74
18;128;21;119
65;58;121;156
46;39;140;198
113;104;118;18
126;102;146;78
134;156;129;61
151;105;69;61
116;91;176;38
178;67;167;25
196;100;106;78
154;100;37;146
98;106;62;134
167;87;151;93
97;144;55;63
151;104;13;11
89;36;175;159
21;67;80;34
162;111;43;81
145;132;154;87
16;66;194;128
133;23;46;189
94;136;128;106
129;61;101;45
130;39;199;18
152;48;129;53
58;163;145;113
124;36;195;123
127;19;32;165
12;85;100;109
144;100;109;195
199;30;159;133
145;147;156;109
32;151;180;19
56;91;183;198
193;84;31;186
166;146;101;155
147;18;167;78
123;193;30;136
105;36;172;169
77;57;188;121
109;80;150;155
121;111;185;90
90;80;88;67
58;190;199;63
142;28;159;164
182;200;140;46
47;148;179;15
18;69;192;15
163;128;93;125
43;150;163;160
63;111;148;49
71;194;192;51
70;63;191;125
56;135;155;192
14;127;169;88
63;176;41;67
197;74;128;27
41;157;99;119
138;159;65;176
104;86;39;145
121;105;148;85
191;148;38;61
179;184;62;134
169;52;73;43
156;40;32;86
56;35;125;140
107;140;27;137
36;52;49;197
166;88;31;62
185;38;192;144
61;81;45;101
150;63;139;63
58;53;67;61
166;102;77;162
135;159;52;181
124;171;111;30
163;131;117;97
82;83;111;109
107;158;155;56
169;32;151;110
95;21;52;175
189;45;134;19
77;78;25;195
73;76;106;200
159;163;124;88
145;170;119;112
113;133;104;16
142;132;190;42
24;55;97;121
16;124;62;85
18;137;13;28
87;69;89;96
159;60;102;24
189;138;126;19
51;184;156;108
135;192;79;168
56;124;161;36
190;113;156;74
158;164;175;159
110;51;176;55
143;104;19;196
42;99;198;126
26;73;105;194
76;74;73;187
144;44;114;157
91;194;34;161
198;60;17;195
20;132;145;19
24;87;187;101
102;135;21;71
57;20;96;170
42;84;66;185
53;139;94;193
64;107;67;107
81;25;133;170
188;173;185;77
116;94;32;71
105;11;174;116
133;169;134;132
145;33;36;144
176;26;166;190
11;146;28;121
48;47;133;119
23;108;100;195
15;80;146;171
85;38;171;157
192;195;76;53
28;144;66;34
146;192;154;177
183;172;66;196
58;103;77;115
108;127;144;164
172;145;118;29
52;24;31;34
191;33;14;62
112;61;58;16
134;45;54;104
66;63;44;119
68;27;107;102
105;152;170;97
96;63;180;40
167;122;109;33
32;162;133;81
61;142;108;198
65;65;11;78
94;120;129;67
180;102;172;199
199;44;83;60
167;110;173;163
69;166;187;168
74;56;26;171
17;153;197;123
188;89;96;51
106;178;162;119
182;40;84;196
184;132;159;179
40;188;75;184
134;149;121;94
113;77;116;173
98;59;139;165
104;91;40;77
11;124;22;60
121;63;40;90
187;71;133;107
16;72;14;154
197;143;140;159
132;161;79;144
116;67;176;82
136;61;130;84
194;63;133;91
74;157;27;177
181;40;68;70
94;30;131;193
183;25;141;159
47;129;137;140
148;20;26;108
59;102;122;42
141;164;159;100
178;108;77;187
169;152;159;35
36;168;195;137
19;19;81;140
146;29;38;14
55;100;43;137
58;57;173;183
187;32;137;125
41;63;32;43
40;136;60;24
102;144;107;80
128;73;171;74
141;31;89;93
116;56;133;139
140;11;62;172
189;97;19;55
117;127;147;141
188;128;180;180
25;160;155;123
86;76;161;134
192;123;199;41
69;189;133;156
139;164;16;60
76;55;154;46
87;197;126;103
18;99;26;96
29;29;148;39
136;164;149;116
24;73;117;187
18;160;135;116
124;87;150;192
184;171;55;198
17;81;57;164
191;112;41;167
190;169;185;194
90;157;74;142
32;127;109;68
176;200;106;26
24;169;143;25
38;137;25;163
16;95;51;193
97;152;132;19
138;114;171;56
120;152;185;155
158;105;194;21
22;185;183;33
27;92;108;52
65;150;133;167
63;176;39;80
181;116;29;157
120;178;42;58
180;189;170;174
184;133;31;128
178;143;173;152
79;111;104;14
75;193;101;104
139;12;37;140
37;145;166;198
90;16;60;185
49;189;41;154
194;185;148;101
130;188;128;71
14;100;154;189
121;127;87;40
98;33;159;51
27;100;182;68
69;59;39;190
122;198;87;57
141;79;69;136
123;164;84;169
124;20;142;99
53;103;107;50
136;170;184;109
32;49;171;50
199;38;95;58
164;113;140;171
200;102;105;119
152;73;175;163
117;67;189;52
124;152;194;162
49;58;42;67
176;56;18;154
136;86;171;58
10;13;63;74
78;99;188;31
117;134;135;144
94;56;34;96
50;108;77;88
102;140;143;169
99;109;143;77
176;111;88;18
148;102;163;92
87;20;144;184
53;78;68;140
41;40;93;35
150;184;47;51
81;179;93;139
163;92;190;188
128;16;166;121
187;104;168;67
128;139;144;95
179;95;33;26
190;98;176;87
17;46;82;81
45;138;144;180
143;32;15;35
153;35;191;115
190;65;33;170
38;37;106;84
105;13;37;136
124;101;57;10
16;54;126;129
171;86;14;176
164;114;160;177
158;171;22;38
30;103;66;118
98;166;182;39
65;40;107;165
51;64;148;154
164;182;22;56
121;155;158;46
123;183;91;59
83;83;60;137
16;31;42;39
194;134;92;75
154;139;174;152
125;161;80;152
119;95;79;135
108;198;199;180
147;136;65;45
84;191;182;137
82;129;88;172
196;80;29;161
51;174;77;26
198;55;66;119
172;169;13;116
103;185;148;178
55;160;107;198
26;15;22;107
23;179;58;85
21;104;48;187
151;15;179;60
170;18;56;42
83;56;166;27
133;13;181;142
155;42;86;131
103;176;133;128
119;58;32;131
117;162;187;63
48;136;21;168
119;40;56;196
138;123;141;84
66;125;93;184
104;120;57;12
80;101;195;103
159;150;176;185
181;126;186;189
36;191;128;22
96;156;82;19
61;145;151;94
42;19;196;93
10;128;119;192
79;150;139;72
134;67;104;35
84;147;162;21
82;158;51;38
81;91;125;80
96;136;134;40
112;88;18;198
154;137;87;108
127;180;123;163
153;91;146;58
87;116;109;117
85;77;68;114
123;49;16;21
40;137;84;93
79;91;115;121
60;31;56;168
164;110;127;81
28;149;73;93
30;160;132;198
117;116;11;17
134;129;198;115
151;62;183;19
188;33;198;22
182;34;151;34
72;132;128;194
196;97;176;138
23;46;96;165
58;68;140;17
57;18;138;145
89;166;153;191
128;36;195;57
78;89;63;183
137;115;68;168
178;94;57;161
133;124;173;43
121;151;140;56
31;165;73;81
149;103;198;142
86;115;20;96
153;153;180;77
53;67;34;86
193;134;62;61
47;111;28;68
154;135;13;163
173;180;83;128
112;84;146;156
118;187;159;98
78;53;17;121
113;19;50;22
59;156;145;39
40;80;156;113
39;25;180;160
140;48;175;26
134;166;145;39
76;165;132;144
74;180;33;140
173;113;86;177
185;99;164;138
42;97;77;114
47;47;66;70
167;168;59;39
149;54;185;19
158;35;179;154
26;76;169;65
104;50;89;132
19;147;173;198
198;145;120;14
92;53;171;23
142;93;62;96
107;86;182;143
189;155;109;184
96;85;77;197
60;123;131;134
19;171;71;42
52;83;172;140
156;84;99;195
172;39;13;174
23;71;34;151
42;88;31;185
122;11;23;26
135;42;162;55
165;150;172;148
150;169;78;112
146;80;97;115
30;44;122;109
192;20;131;37
134;194;134;104
14;47;32;15
166;143;17;36
137;168;124;186
26;53;12;132
71;184;111;59
150;130;190;20
152;125;17;59
105;28;91;79
76;171;162;118
80;133;136;107
127;108;102;49
179;42;28;105
165;197;91;36
73;114;26;53
41;189;108;82
91;54;12;121
73;175;153;185
157;157;168;99
167;113;184;119
113;44;155;96
138;78;39;114
180;182;65;20
191;75;164;48
50;39;148;156
47;19;18;157
175;199;155;46
116;37;113;134
149;103;114;51
106;62;200;44
86;95;122;34
10;130;19;69
117;89;147;45
93;114;15;198
169;152;171;96
85;175;162;71
36;121;143;175
67;85;38;117
101;134;48;144
120;17;58;177
51;157;174;83
106;90;145;67
127;187;33;19
179;25;82;103
190;70;13;61
59;40;132;19
68;86;182;195
41;195;127;155
82;189;23;89
16;95;54;18
178;139;117;79
88;27;190;173
15;20;174;52
142;103;120;165
17;186;51;15
122;103;141;29
182;86;64;197
61;160;166;46
12;15;199;80
57;84;163;152
200;169;132;12
169;153;47;191
169;50;158;104
192;148;31;167
49;148;187;17
54;15;58;18
119;74;173;17
12;121;114;32
158;87;160;85
45;121;11;157
95;159;51;25
68;123;114;43
189;199;108;135
53;199;156;70
33;176;16;186
144;136;59;18
81;186;191;38
98;26;162;139
62;125;23;94
72;40;146;97
21;149;158;78
36;171;47;47
78;183;161;161
163;170;180;187
113;138;36;168
80;59;98;198
36;27;174;148
68;79;156;123
124;138;77;121
173;184;13;122
64;185;117;106
103;121;197;60
65;138;39;180
78;100;133;189
45;134;41;125
143;165;146;45
76;66;156;19
154;199;88;78
15;187;172;188
147;13;181;53
74;29;89;118
26;95;15;124
152;129;183;114
53;24;155;162
137;113;46;149
104;168;77;152
146;50;95;191
38;25;148;106
54;77;89;128
83;106;33;87
161;186;199;10
48;65;38;110
54;122;145;11
163;174;46;34
134;170;185;133
133;171;55;148
38;197;100;25
69;68;81;98
172;100;167;50
190;126;39;198
190;135;110;56
43;142;66;19
14;71;127;58
55;166;132;11
50;194;138;26
137;14;35;146
127;59;36;46
169;139;123;56
94;78;25;200
11;35;51;184
173;11;189;17
199;25;29;95
101;90;42;168
14;190;85;183
81;89;62;156
37;175;48;61
175;141;141;52
98;175;163;109
76;39;91;123
179;51;194;81
34;26;104;92
24;103;79;21
62;61;55;72
181;68;183;93
20;186;62;125
38;116;92;195
126;19;19;56
130;58;151;15
16;91;134;105
53;109;105;145
109;152;65;169
139;11;35;159
133;94;161;15
23;31;12;116
76;46;173;31
91;56;131;66
59;163;118;127
41;39;192;38
181;138;84;14
179;149;156;25
116;196;21;144
64;46;159;194
117;94;33;108
174;82;89;32
159;84;175;142
137;97;134;85
140;157;110;53
137;93;115;190
175;76;39;78
61;162;194;10
85;56;110;30
159;21;181;86
61;85;124;36
49;102;172;177
50;64;180;106
77;27;71;121
107;82;22;192
109;81;11;99
93;16;69;13
122;10;102;61
135;113;188;44
168;48;118;58
133;197;124;123
162;69;101;93
104;74;173;113
194;71;64;56
14;84;70;104
76;156;16;76
35;98;43;59
73;193;76;190
168;66;147;28
127;198;135;43
47;31;31;143
171;80;53;22
115;57;43;114
182;81;162;58
157;174;69;195
100;88;33;33
75;16;41;116
177;109;24;173
180;83;40;80
106;49;48;21
143;199;88;47
160;14;14;117
35;115;182;84
12;165;78;41
16;165;24;179
16;165;56;39
47;38;80;181
104;117;102;110
145;166;68;126
60;41;44;199
134;72;150;80
192;62;69;87
138;117;76;183
169;39;182;23
83;29;143;29
137;97;46;200
45;119;163;39
54;84;136;167
101;152;25;40
157;150;19;156
100;72;50;108
56;60;161;159
11;194;115;18
185;129;51;123
169;40;171;83
149;61;174;82
67;98;194;111
149;165;112;159
81;26;64;143
106;49;191;132
50;67;104;124
16;161;115;68
43;199;55;153
180;197;31;189
63;120;114;186
174;88;118;31
110;99;26;172
136;157;108;197
112;104;127;199
32;95;24;77
116;37;92;175
26;164;142;25
56;177;144;25
85;39;123;10
161;62;67;194
184;167;57;115
128;73;56;115
195;10;194;156
115;78;182;14
166;32;39;170
65;25;93;109
121;71;174;90
42;130;190;40
48;102;151;68
22;10;63;124
18;180;10;163
31;18;47;56
196;200;77;194
188;13;49;135
78;168;183;33
110;146;83;23
139;61;121;62
72;24;174;101
86;137;11;140
39;172;125;54
192;183;41;190
12;33;76;188
147;65;183;90
64;93;24;61
126;172;29;177
14;90;53;108
57;99;198;40
178;192;13;140
80;176;49;164
137;69;32;123
54;33;95;104
19;195;114;196
129;197;96;140
115;44;133;129
175;61;188;196
141;196;71;199
124;62;180;48
170;99;118;168
142;38;176;39
145;33;78;99
196;135;30;123
93;168;173;135
104;40;166;123
98;159;190;141
52;31;186;32
197;84;79;143
50;86;29;107
52;19;51;172
122;177;87;151
13;20;200;124
114;37;43;96
125;182;169;149
61;176;166;142
81;147;146;118
60;54;141;68
23;41;58;14
68;199;26;155
148;43;101;65
149;152;133;18
11;145;183;71
181;86;82;54
41;56;132;181
100;170;94;83
126;138;81;49
48;96;198;24
138;32;27;173
57;53;199;53
177;131;134;164
187;117;144;61
89;189;78;81
145;66;81;195
197;90;57;104
172;75;133;184
44;16;37;195
53;19;100;69
121;181;19;37
177;135;79;121
117;200;185;92
26;156;22;167
118;173;182;176
27;49;39;189
30;58;56;153
27;34;106;80
43;105;28;17
83;177;137;121
65;144;137;192
142;194;116;16
90;140;49;59
135;137;155;101
115;146;109;102
84;175;119;42
163;79;52;58
165;139;14;149
132;152;46;166
45;193;44;14
78;187;70;34
45;136;92;28
116;156;207;156
14;19;160;121
143;153;175;56
136;159;151;33
34;29;116;162
16;95;83;91
75;94;163;152
27;88;108;39
158;93;66;10
171;72;163;130
64;98;154;191
24;72;179;193
63;188;46;64
105;50;189;58
144;86;116;83
187;114;124;188
152;143;90;63
191;22;98;60
166;97;193;113
71;13;140;103
23;176;198;168
75;110;124;132
169;163;114;142
143;137;33;137
46;123;115;62
58;88;79;80
119;18;102;192
176;49;13;85
150;67;95;78
127;158;113;187
17;87;184;116
38;156;88;24
143;161;111;168
67;198;76;97
163;86;51;92
147;40;138;195
67;79;41;183
194;91;161;143
24;136;198;189
145;135;167;136
33;76;167;82
194;172;121;169
167;28;127;54
145;140;148;155
80;90;164;102
68;145;29;140
119;199;48;20
180;92;194;31
148;113;144;162
180;112;79;82
195;90;145;115
114;128;171;90
120;96;23;131
183;45;126;134
172;167;13;150
50;116;18;170
57;92;40;26
52;109;91;174
27;86;36;105
71;31;184;139
95;130;108;104
133;85;13;102
112;197;145;129
121;153;28;158
14;85;41;40
119;179;141;144
84;162;124;95
161;93;36;137
140;67;150;44
80;140;171;44
174;159;119;160
96;164;200;28
147;152;76;184
142;98;37;50
149;92;170;24
107;196;123;125
34;119;49;173
123;175;159;124
73;67;43;134
30;83;32;123
191;97;194;80
140;92;135;83
41;26;70;36
111;195;52;33
189;179;145;90
157;180;151;103
80;194;137;104
17;93;124;46
157;104;112;38
122;161;101;60
95;93;176;16
52;188;161;33
151;24;77;88
15;129;115;101
195;45;12;147
78;76;104;118
23;95;165;156
112;167;40;127
75;83;110;18
116;104;75;26
176;198;188;24
192;154;136;169
96;99;103;24
92;112;87;155
28;190;143;64
62;168;200;24
180;151;86;66
34;117;172;156
131;183;197;30
186;94;39;87
194;40;110;87
75;28;121;105
51;112;79;176
173;85;127;171
14;110;87;131
134;30;165;176
199;93;116;83
78;163;13;128
104;134;94;159
11;106;146;92
32;51;176;58
117;34;134;182
55;15;178;196
199;65;99;129
112;189;165;111
65;91;165;108
13;191;159;44
121;129;81;82
26;127;25;190
27;109;106;80
15;66;10;109
40;189;83;184
185;172;78;42
77;148;149;52
126;23;154;74
110;11;79;68
30;159;57;120
128;166;175;121
163;25;156;196
157;92;21;138
144;198;158;165
80;62;146;187
139;138;27;113
155;127;150;99
112;120;14;73
30;77;43;21
16;102;108;162
70;26;106;75
164;43;42;16
148;61;161;22
97;46;55;140
33;155;176;111
87;196;130;147
100;143;107;39
24;165;22;121
18;39;67;36
175;55;181;35
169;154;124;107
70;142;40;92
58;37;13;193
171;180;112;86
52;146;158;124
200;64;96;119
16;142;192;14
118;92;58;66
192;187;195;169
100;132;106;41
24;60;59;10
58;79;101;140
17;107;12;61
54;200;81;20
179;32;31;51
196;175;19;21
191;16;137;46
63;168;173;142
64;152;117;83
122;153;134;26
115;44;189;61
74;32;140;63
144;176;36;180
143;193;76;152
186;73;122;40
48;178;177;51
144;197;180;107
122;175;81;71
48;71;88;12
118;143;168;89
196;52;142;55
17;27;115;150
173;79;22;81
19;43;136;135
182;21;121;57
130;136;22;70
85;151;194;39
169;176;14;135
41;170;65;180
162;173;87;147
101;38;158;109
135;50;199;81
150;99;52;63
49;135;26;99
71;189;127;64
160;28;185;77
166;13;156;142
69;114;101;57
184;197;20;84
92;165;29;189
40;140;190;140
116;163;171;13
164;142;90;68
53;95;166;146
75;108;72;120
181;55;186;199
166;32;177;144
31;126;141;146
36;175;40;89
166;18;156;99
155;42;93;93
47;17;66;44
119;134;62;111
66;86;152;103
11;188;136;73
194;82;39;45
154;114;171;113
88;50;14;39
150;102;165;58
91;64;43;131
61;104;49;120
20;95;176;32
61;184;187;56
79;42;186;161
54;30;193;74
142;164;175;63
57;200;123;199
11;85;159;123
53;25;116;52
191;18;93;40
17;38;28;78
61;68;23;156
140;35;118;42
99;114;129;12
169;27;51;49
23;150;191;98
36;192;80;124
13;22;96;50
26;114;86;129
159;41;54;10
39;129;151;112
71;91;173;103
124;51;137;165
96;118;152;24
191;111;153;161
140;94;63;177
64;48;170;55
111;169;130;123
167;16;50;140
161;90;18;51
152;153;89;179
135;100;122;118
102;108;87;113
144;135;109;194
33;36;92;28
87;109;173;52
153;179;171;199
58;95;161;31
142;66;120;54
91;58;70;126
166;75;70;32
101;193;188;54
181;104;125;41
44;154;194;32
111;131;30;168
190;87;65;110
108;47;159;62
117;133;79;152
13;182;166;54
43;85;19;193
194;131;20;105
117;191;20;111
51;66;132;42
11;144;110;105
155;60;177;84
27;90;200;45
178;191;189;79
38;106;137;63
149;152;151;83
161;122;12;174
171;26;168;117
67;150;24;192
151;79;55;174
101;142;156;84
40;188;65;140
37;56;37;10
159;138;132;22
61;177;161;64
129;125;83;26
156;28;88;161
126;132;91;53
18;185;28;129
65;154;141;81
123;76;143;131
121;123;38;191
164;88;127;106
69;54;20;61
124;48;90;74
110;114;16;119
195;203;38;195
107;187;152;112
80;152;126;157
92;31;101;157
48;35;136;30
85;193;36;180
11;114;159;184
16;87;47;57
196;77;16;38
36;120;198;24
40;117;14;16
61;42;133;190
152;57;24;107
67;137;177;122
141;90;159;192
160;64;129;162
131;141;23;174
65;98;148;21
75;46;58;191
116;178;84;38
163;87;103;135
90;98;51;11
95;160;131;151
154;49;173;137
58;176;10;96
160;105;157;153
13;198;153;141
133;121;21;118
52;150;49;30
113;150;71;53
10;169;107;15
180;163;28;21
142;70;55;55
40;99;84;64
162;104;142;82
69;174;40;133
37;28;179;184
97;146;44;51
109;143;126;134
119;133;197;59
87;98;141;56
44;66;35;139
174;66;183;130
147;28;173;93
199;137;151;169
22;140;79;79
91;102;173;128
171;58;66;173
94;121;45;170
158;100;50;200
18;185;89;121
142;68;13;163
47;25;13;102
36;114;121;134
21;112;87;60
143;157;194;135
79;56;152;165
128;13;142;80
32;55;43;87
13;117;63;49
142;109;163;168
27;143;158;22
165;64;66;131
40;129;151;126
122;36;116;30
161;60;13;157
172;84;171;58
123;98;17;185
53;162;173;62
41;127;160;59
26;68;106;109
73;165;70;146
67;174;49;152
21;108;97;20
66;56;15;27
171;77;192;94
185;133;123;40
35;155;59;147
57;125;77;98
175;181;49;63
47;39;161;78
26;173;33;146
75;83;175;13
129;31;152;144
196;79;25;152
65;48;111;11
150;23;14;127
187;135;193;191
154;91;50;149
69;193;106;24
33;174;11;199
159;159;165;155
129;177;38;31
96;137;69;177
120;198;91;87
101;114;192;81
40;175;132;89
178;117;93;182
65;164;32;96
55;84;159;97
78;124;19;187
42;179;59;119
34;69;52;73
75;181;159;193
128;183;70;101
90;131;95;181
109;48;152;33
146;174;192;57
43;124;92;124
133;138;15;164
104;156;171;75
34;13;137;27
10;102;134;125
33;99;71;23
133;43;163;188
188;142;147;145
142;154;114;183
60;105;173;176
94;59;192;80
182;189;171;113
117;98;15;144
183;44;30;109
75;192;140;197
124;156;46;197
50;60;142;100
96;24;190;137
119;115;180;29
101;51;71;129
75;64;115;37
53;187;100;14
25;144;71;41
48;189;92;127
140;133;96;129
155;95;74;192
125;153;192;84
65;130;162;71
95;162;10;158
28;136;127;56
30;42;43;155
153;33;70;86
168;10;114;95
117;27;121;45
60;48;65;48
61;41;12;186
64;102;32;54
198;91;61;57
17;194;35;33
75;143;70;24
25;163;32;177
145;128;126;71
64;56;12;176
181;154;177;53
48;145;150;74
125;114;117;103
136;87;141;109
40;75;118;169
104;110;45;141
17;155;18;82
179;157;73;85
11;30;121;10
140;161;25;52
46;82;32;84
30;153;181;101
148;84;84;182
118;193;192;54
127;103;112;16
67;101;200;198
142;28;68;176
55;197;191;23
136;148;101;36
117;133;189;90
184;29;45;130
53;78;200;80
122;159;174;95
107;174;64;102
108;37;113;141
34;72;96;33
41;99;131;62
22;13;131;184
152;126;196;103
55;11;113;33
121;157;106;69
152;11;193;98
145;87;78;92
133;117;170;97
38;155;170;172
76;112;27;31
176;181;156;189
103;87;86;13
58;171;181;186
198;154;29;84
13;192;114;37
138;22;161;156
163;113;111;46
74;23;66;153
20;54;45;127
150;52;153;37
86;42;103;49
73;44;45;122
32;135;92;88
19;194;160;172
63;130;103;43
99;117;26;90
44;168;170;127
47;167;104;155
139;187;63;101
103;84;79;42
15;93;44;112
12;55;159;195
34;81;100;88
25;141;68;172
183;23;65;41
57;191;20;15
83;176;85;59
134;60;112;40
68;152;165;25
69;137;149;29
46;153;86;39
188;90;200;126
143;103;101;99
37;110;120;116
147;43;25;34
91;136;90;52
145;17;14;169
52;110;101;178
186;50;23;178
129;115;146;22
140;150;140;129
55;136;14;185
131;36;36;134
26;200;11;157
192;100;183;115
167;103;35;108
111;61;47;91
37;188;189;197
11;61;169;101
184;56;162;22
85;170;172;197
91;20;30;54
73;66;181;138
89;77;140;67
128;111;134;99
169;163;169;142
192;162;82;49
49;35;191;147
61;56;27;126
108;168;142;22
41;178;47;39
181;193;173;178
48;196;120;22
190;163;19;36
122;160;162;90
49;150;166;58
126;196;88;190
95;92;84;186
189;100;135;132
191;107;57;138
176;64;177;88
57;33;82;129
181;169;50;141
21;12;103;169
11;170;178;198
18;57;128;152
170;85;133;144
107;179;81;122
130;90;93;32
144;185;159;91
47;84;191;171
198;180;194;102
68;161;170;104
137;117;17;87
145;92;83;12
31;17;106;149
163;109;52;122
97;48;100;153
117;105;23;126
24;87;13;189
100;12;122;42
183;65;71;162
187;151;106;186
141;33;177;180
192;172;183;169
81;142;49;68
134;40;156;171
101;192;46;26
117;138;158;25
104;13;32;21
176;107;25;75
158;139;171;148
51;18;139;199
55;51;82;151
68;166;40;49
145;172;15;61
198;150;149;154
176;29;88;93
57;80;140;176
67;125;19;91
50;183;114;185
44;66;147;160
24;71;178;195
172;166;126;173
106;25;68;51
139;200;199;41
158;33;141;25
96;108;129;152
58;188;188;44
83;102;21;53
193;140;156;157
62;51;67;130
174;49;81;149
167;45;97;98
19;51;138;53
42;41;193;48
106;73;102;36
40;32;106;157
23;113;30;124
193;78;196;107
99;47;87;122
108;58;178;101
142;193;125;51
26;113;21;72
145;176;55;117
124;36;179;48
63;87;142;150
18;166;86;197
21;62;72;185
20;142;17;174
123;148;170;127
146;165;19;75
64;136;84;79
115;35;45;165
116;102;152;56
191;102;186;71
132;96;80;141
12;171;105;90
185;144;112;116
81;110;153;85
47;115;166;106
116;166;28;128
107;10;183;15
147;12;136;138
77;152;128;134
176;177;36;108
160;135;41;123
90;90;150;72
160;93;39;35
77;188;62;79
200;151;21;160
54;106;177;77
121;48;70;107
16;180;54;166
11;199;28;117
130;20;42;199
149;108;34;112
122;68;126;61
86;102;170;39
21;154;29;36
43;116;94;11
105;174;176;110
160;69;69;123
16;110;46;40
38;79;93;143
33;71;186;85
24;153;64;38
197;80;190;91
32;29;63;134
155;170;191;189
175;179;187;81
11;75;192;180
53;19;37;84
14;192;119;182
172;101;98;40
50;38;14;134
187;98;151;130
157;180;106;27
58;96;185;39
24;187;62;77
184;57;97;150
66;141;121;36
73;47;181;85
144;119;151;109
53;151;130;58
59;163;28;64
18;98;40;85
108;142;53;133
168;104;14;57
129;189;57;63
51;99;107;156
123;98;47;80
71;43;40;75
182;101;181;45
51;26;133;62
15;36;121;118
87;124;200;71
22;111;81;136
149;174;83;136
64;124;65;45
178;98;20;80
29;177;109;115
185;33;41;47
56;81;91;143
93;105;44;88
129;141;195;117
25;191;85;46
43;43;127;191
22;103;105;171
153;150;191;151
50;88;105;184
49;99;81;28
70;193;31;140
50;69;158;88
196;76;68;32
77;179;132;194
191;86;155;27
90;154;120;31
75;32;181;187
210;195;195;186
186;181;120;127
103;69;87;91
71;95;98;148
136;163;118;116
90;44;190;14
111;47;145;16
148;61;39;95
172;33;12;76
150;189;32;124
199;85;189;198
127;146;119;160
113;146;122;46
15;136;106;139
12;31;52;48
105;191;176;105
88;72;196;131
167;13;94;77
103;67;124;160
82;170;20;14
43;105;154;16
47;27;59;171
167;147;12;197
87;157;49;25
167;146;50;108
163;161;112;147
172;186;118;109
172;84;111;52
155;76;109;28
29;53;112;156
78;191;19;144
107;142;108;134
161;184;125;147
108;181;155;125
70;59;68;34
35;199;38;55
140;11;76;68
178;188;159;117
98;102;173;134
129;53;191;68
107;98;149;32
198;75;88;23
150;97;148;109
30;180;193;181
126;44;81;99
123;164;12;56
178;159;98;62
15;187;20;22
91;96;93;135
51;176;198;173
113;18;148;90
123;24;140;165
159;191;106;25
193;73;43;107
180;38;70;152
58;112;150;78
193;78;66;44
69;63;20;173
189;35;176;101
72;143;194;109
184;110;23;149
17;10;175;72
110;61;62;106
15;167;123;71
152;58;153;91
164;192;17;100
37;53;77;133
42;114;92;18
71;125;158;13
51;151;26;100
107;168;128;68
165;88;41;80
141;131;195;15
149;106;118;129
123;172;189;72
179;93;166;139
106;55;46;19
172;28;97;125
183;28;30;59
167;44;54;152
123;110;64;193
186;21;129;28
104;140;109;138
199;103;19;26
116;66;111;63
24;139;120;82
67;31;104;113
18;194;63;41
131;146;185;119
168;22;190;110
169;39;48;75
164;118;186;87
101;174;190;164
14;82;184;47
128;179;59;122
48;54;190;22
148;148;177;174
141;160;85;112
43;148;86;34
120;65;184;125
157;89;45;113
129;133;12;122
116;131;167;199
125;160;10;32
109;119;135;164
81;139;116;179
166;145;188;159
183;84;186;84
19;104;110;161
199;14;104;63
148;181;195;11
79;191;94;193
18;177;101;153
188;129;137;81
10;108;71;23
84;70;63;115
44;30;49;196
90;54;172;168
99;10;111;60
158;178;126;18
164;176;80;59
113;68;127;42
155;82;196;82
59;20;175;22
179;130;63;70
100;64;114;39
103;54;95;58
109;157;157;44
132;90;61;110
18;196;35;141
175;168;177;176
74;170;123;99
76;129;31;54
136;106;86;130
82;16;26;134
79;145;67;42
163;178;114;170
60;22;174;83
175;126;38;164
126;189;75;83
109;33;49;162
147;119;172;106
101;50;51;33
122;154;157;43
31;179;41;32
128;124;78;44
70;75;32;11
32;112;12;166
111;11;33;117
13;22;157;197
137;168;82;46
168;161;100;56
38;37;35;87
84;197;38;185
71;126;191;83
89;34;80;71
152;165;37;167
171;66;142;42
100;28;191;79
160;198;91;60
61;135;88;17
184;194;152;30
132;99;113;18
68;194;118;136
105;22;138;53
41;30;78;156
114;110;101;61
76;117;177;155
12;104;128;121
140;171;104;106
152;49;11;14
184;98;162;58
184;53;108;64
74;131;182;19
35;40;63;62
196;23;182;152
185;12;71;103
88;51;165;29
147;167;190;179
23;13;131;109
196;42;50;96
117;21;199;154
199;149;104;107
12;26;75;89
64;154;73;110
179;18;158;122
118;171;45;81
128;51;169;74
10;18;187;42
189;64;134;93
85;89;118;73
168;26;29;123
108;186;191;188
177;61;40;137
19;161;175;34
177;108;197;49
36;131;18;18
120;134;94;65
116;108;140;62
104;131;175;94
96;23;176;33
25;192;49;198
22;121;192;145
41;37;26;151
96;33;180;49
25;20;165;39
17;89;156;140
124;80;72;156
37;158;86;10
138;87;76;107
110;194;53;67
162;123;58;33
190;180;64;78
170;108;121;110
180;68;38;10
11;55;173;200
44;14;87;187
69;20;24;19
172;121;127;144
85;68;173;20
97;54;10;161
94;142;22;132
21;141;145;89
117;171;195;140
61;102;110;56
69;94;116;132
185;173;80;139
68;128;175;107
117;73;198;12
96;199;109;144
129;164;80;77
171;112;75;134
33;99;79;198
111;96;170;191
99;96;79;44
78;147;82;74
196;79;34;159
118;130;10;87
12;139;129;179
27;104;169;128
160;194;142;120
87;83;116;184
153;63;190;78
21;45;106;37
53;48;175;187
168;100;101;183
129;159;54;81
181;32;84;94
188;128;155;18
164;100;154;125
69;13;89;199
182;69;178;36
157;79;46;53
83;146;58;56
169;169;45;210
81;194;174;25
117;18;196;90
17;125;103;72
113;148;48;66
184;63;15;137
115;104;28;134
152;67;75;90
139;97;159;191
23;158;199;158
76;26;189;182
62;184;33;146
173;124;89;189
136;16;45;99
170;166;183;195
163;132;70;113
16;189;87;25
135;167;81;115
180;60;100;20
37;52;118;117
168;164;179;157
123;162;160;35
200;85;139;167
113;183;185;138
81;42;111;87
189;19;48;141
88;33;101;60
155;146;161;137
127;121;48;117
37;130;98;163
60;43;60;190
102;67;167;111
13;25;126;96
12;63;59;87
197;192;84;168
112;145;36;117
103;75;72;145
148;50;151;81
12;125;67;28
38;194;170;121
10;31;42;82
55;120;55;197
22;130;134;13
29;131;177;66
190;78;86;66
147;169;59;131
79;91;49;18
127;169;77;168
176;56;99;115
139;167;159;23
192;78;81;61
48;169;26;25
168;45;19;78
161;50;13;33
123;161;69;172
23;20;138;79
132;11;87;111
166;187;24;174
80;136;49;18
133;58;158;175
182;44;81;119
192;191;24;151
85;154;28;148
62;25;23;20
35;120;114;44
107;43;143;194
20;137;116;197
11;145;70;156
36;89;89;113
183;37;133;133
133;46;53;47
121;46;122;49
189;191;15;57
37;71;192;143
69;95;169;105
86;158;99;109
154;60;41;137
97;38;190;70
23;69;168;57
195;85;177;119
182;111;128;97
92;125;95;181
77;70;46;113
103;161;156;150
77;159;174;146
177;42;145;33
86;191;70;47
39;155;156;160
95;116;87;111
61;86;197;165
134;142;165;21
156;169;24;112
142;107;19;191
170;111;39;136
100;85;124;30
178;24;40;62
17;141;137;10
139;32;24;79
84;95;59;146
39;159;197;44
168;116;34;125
12;64;191;27
18;56;184;76
113;53;78;196
187;158;188;81
84;37;122;33
76;70;194;91
89;109;29;62
34;37;62;82
99;73;39;106
199;174;108;14
46;66;65;61
132;149;178;27
62;160;100;24
90;32;90;199
47;46;59;138
111;192;103;131
78;59;135;181
138;141;190;119
159;60;68;42
58;177;138;118
50;62;148;192
15;56;150;58
51;166;10;125
185;194;41;58
110;179;73;22
155;97;50;79
81;118;194;49
41;82;108;192
146;186;112;130
46;17;143;27
174;95;138;135
132;154;113;61
62;35;148;51
101;191;152;132
145;91;196;81
26;94;145;61
122;47;197;100
50;35;152;168
21;89;158;54
168;124;15;105
55;111;158;94
155;151;157;33
53;69;195;177
108;91;66;111
34;69;175;123
123;29;124;160
24;192;141;181
20;63;121;196
174;141;29;10
149;24;59;164
173;137;130;189
158;164;37;63
14;175;80;134
39;88;46;123
105;110;58;34
121;143;131;119
50;57;188;105
39;176;91;46
54;171;194;53
72;171;89;19
57;79;153;70
110;158;63;120
156;37;91;47
25;122;113;32
200;96;59;78
83;56;92;91
53;155;124;108
104;58;159;133
178;98;176;70
79;80;179;175
108;167;42;94
56;25;119;31
131;144;15;121
68;154;110;199
133;85;74;104
193;130;196;89
27;58;156;30
27;168;152;37
88;155;97;144
121;49;38;143
184;68;189;31
172;94;14;133
126;26;169;197
109;80;57;141
106;190;104;64
197;126;163;187
116;46;85;156
192;170;194;62
32;98;131;16
52;113;56;105
12;176;44;112
181;27;154;105
154;96;71;147
182;34;56;111
157;162;156;192
19;21;10;124
93;77;48;79
18;182;77;42
195;126;108;51
151;56;73;107
198;142;73;160
52;84;163;75
49;140;125;162
58;50;92;154
113;176;19;141
159;189;90;125
137;181;188;134
193;160;164;24
178;167;192;82
174;146;158;143
132;11;59;12
30;118;36;198
56;66;172;128
158;26;198;190
10;55;80;142
170;105;32;134
155;180;91;129
116;24;143;59
104;24;57;182
116;68;144;143
88;146;52;75
12;188;58;162
68;55;141;157
199;185;142;90
40;169;36;110
172;66;155;44
11;16;145;51
47;200;183;39
165;107;200;24
160;19;96;51
26;112;145;86
155;96;112;199
46;34;90;190
114;85;44;80
42;63;20;37
15;117;171;174
15;179;154;153
72;116;190;110
123;188;12;78
52;200;75;60
57;112;41;179
138;32;198;18
117;63;145;16
101;187;133;184
39;157;37;148
152;10;74;44
196;125;115;172
72;175;21;109
159;23;101;66
66;12;117;50
18;126;156;86
100;138;17;113
21;29;42;12
50;97;48;197
189;61;89;105
103;119;179;134
80;55;178;91
110;23;56;175
29;37;39;155
75;91;193;68
77;22;143;64
55;119;184;198
165;30;33;148
22;197;121;166
35;68;87;14
174;70;60;184
21;160;19;86
194;63;175;186
195;191;125;95
58;50;129;154
193;115;10;32
182;180;34;60
52;150;109;20
73;73;150;59
174;70;81;155
83;93;177;136
59;126;84;171
47;23;62;135
68;55;11;168
144;199;59;143
186;187;69;21
61;68;188;94
115;186;182;172
83;85;139;138
173;55;74;24
90;57;14;24
57;123;139;91
93;27;64;140
87;102;114;134
96;106;164;118
77;61;89;106
120;136;74;134
197;125;168;119
52;153;119;44
159;107;70;160
131;39;194;23
72;72;167;43
102;187;188;166
188;154;70;154
156;40;24;81
183;83;63;93
18;36;155;196
65;80;60;52
148;110;136;182
193;136;174;75
187;197;100;53
121;101;43;97
66;94;130;141
102;152;107;185
200;61;123;80
94;10;184;29
183;69;122;87
60;25;169;89
85;118;173;197
89;10;146;46
150;90;55;102
75;141;154;49
182;65;40;68
51;166;189;133
132;159;68;68
20;107;61;122
83;181;193;110
28;122;75;174
172;55;142;79
91;27;22;151
43;16;11;196
68;172;59;179
173;78;70;157
165;13;75;19
186;113;160;43
124;158;173;22
156;73;195;30
72;179;183;82
10;19;43;182
191;174;11;66
37;47;128;16
167;46;159;56
59;30;82;68
42;72;193;38
173;34;109;68
135;124;187;69
135;50;170;157
24;105;121;58
11;165;125;170
70;32;20;181
66;181;125;10
13;125;25;143
159;195;79;13
151;121;28;118
164;48;12;104
110;192;66;101
13;43;150;15
105;55;153;73
143;65;107;168
134;104;162;158
78;67;110;13
47;17;166;176
130;200;134;100
171;147;49;96
100;32;39;59
166;88;26;94
54;57;106;170
38;112;200;162
162;99;119;103
19;200;106;29
126;139;53;36
20;96;182;11
21;121;183;31
157;135;95;122
28;165;27;128
10;58;135;121
127;45;88;192
30;83;92;159
37;71;14;116
34;29;82;122
162;22;16;29
179;180;188;17
68;52;189;159
174;164;163;11
49;26;26;186
185;134;148;126
19;22;139;50
132;55;28;58
55;88;88;49
173;142;87;65
102;67;139;21
159;36;141;104
120;109;168;176
147;139;159;70
164;69;109;159
93;20;141;62
59;92;13;101
154;78;129;40
49;126;118;46
177;133;97;77
67;34;162;39
106;38;31;140
41;123;10;34
87;172;109;134
98;21;37;23
191;87;181;14
59;194;158;164
159;104;52;192
14;130;45;140
190;197;151;78
58;155;149;23
163;85;105;138
76;18;67;112
183;189;83;128
151;44;195;101
169;136;165;55
67;141;44;123
103;170;32;179
172;156;138;171
77;181;65;195
149;188;173;79
16;27;97;50
176;105;141;44
24;178;64;53
96;29;175;33
105;131;167;68
93;118;121;143
37;170;43;192
185;155;186;28
91;77;121;66
199;74;41;101
24;33;147;156
180;155;118;162
167;82;188;27
38;130;21;73
14;123;155;27
102;47;161;52
98;62;106;91
87;152;30;144
189;59;73;30
88;142;81;51
191;123;120;97
88;58;19;14
195;181;147;137
143;34;124;32
179;70;28;182
109;22;161;155
45;62;185;158
171;77;58;138
136;16;125;173
81;30;34;82
101;34;176;43
136;41;152;74
183;171;48;46
39;136;62;149
22;146;196;105
62;92;15;39
63;200;39;62
20;149;113;165
50;50;150;75
171;186;75;34
152;21;51;60
74;55;87;186
29;196;33;112
84;73;100;101
77;194;133;107
103;68;94;170
79;125;41;139
162;96;118;192
112;179;95;174
192;106;106;81
42;21;79;197
158;12;167;190
114;32;133;46
166;108;144;94
53;51;117;152
184;161;14;131
16;156;147;135
46;97;121;145
164;42;200;62
80;50;32;133
132;178;26;118
78;23;101;160
39;103;133;28
56;61;180;132
176;55;59;34
118;199;51;104
47;71;37;12
147;163;10;144
126;157;18;71
70;53;52;10
100;195;190;62
25;88;99;51
144;115;118;159
104;55;90;29
12;141;175;23
119;96;187;127
161;162;163;162
124;105;82;102
169;162;98;193
88;41;179;62
134;170;53;81
49;99;162;119
183;135;166;192
117;103;71;53
66;51;127;12
16;150;105;94
83;61;93;149
72;40;38;46
39;151;115;93
143;54;197;85
199;171;64;51
140;62;180;183
27;46;94;86
94;190;34;176
182;136;68;197
30;109;51;169
178;58;109;186
144;95;132;53
119;25;113;162
165;104;25;143
69;143;161;157
127;99;184;177
188;189;162;76
129;136;79;82
92;167;52;99
32;46;163;185
36;191;31;66
141;173;175;17
20;46;46;161
117;46;33;106
57;25;166;165
158;39;47;34
33;199;93;85
121;144;132;181
104;91;57;194
82;146;119;186
38;107;61;64
89;169;23;20
181;82;89;47
134;10;77;43
149;87;109;172
132;30;17;12
82;49;25;85
127;197;156;178
162;112;172;87
10;119;158;134
135;196;48;105
181;199;174;116
52;58;156;71
185;147;156;15
56;63;196;115
88;141;67;166
183;26;181;155
178;98;69;13
168;198;18;61
74;171;138;141
61;170;134;84
180;125;103;57
45;60;178;180
110;189;141;17
197;158;152;21
17;149;61;83
108;143;30;74
82;102;164;170
29;105;177;187
76;62;28;173
68;168;133;93
133;47;153;109
124;155;103;115
130;160;182;142
142;82;60;42
89;144;182;172
196;94;89;162
65;153;97;148
181;42;169;18
72;110;47;117
116;55;93;35
68;23;141;156
46;198;178;69
25;192;197;42
54;159;21;186
135;60;155;121
181;21;58;64
13;133;159;150
126;45;130;133
169;119;93;147
12;58;173;91
139;47;151;22
15;84;196;177
40;196;150;137
44;125;57;115
127;186;195;118
182;22;124;57
169;110;100;20
24;155;198;62
55;77;181;188
48;95;160;50
21;81;144;162
153;176;90;178
183;145;12;98
194;196;101;18
109;184;60;93
130;102;155;89
12;37;111;71
115;98;83;168
91;40;186;27
12;65;109;184
172;44;144;127
95;67;78;150
135;128;191;40
81;198;21;184
56;122;100;26
180;145;84;198
95;64;141;24
85;97;68;171
144;147;190;54
19;99;90;174
140;15;16;127
163;25;181;151
147;99;83;145
164;194;102;15
15;40;159;153
187;170;115;165
59;19;181;54
44;171;196;75
103;154;91;163
40;58;104;138
194;156;96;175
121;107;77;198
33;193;73;104
148;134;198;29
40;139;153;174
40;33;87;17
127;98;23;62
185;170;19;87
189;157;91;22
85;136;122;109
123;35;199;10
173;169;72;57
188;178;122;194
36;58;163;155
105;179;197;42
91;125;90;111
130;33;85;80
131;198;148;161
176;37;117;75
115;158;54;143
151;159;67;187
35;152;119;27
94;44;118;168
57;17;50;69
35;184;174;80
86;54;169;99
91;121;162;68
174;99;167;107
12;102;61;73
140;158;94;143
116;177;194;193
153;90;91;29
12;58;68;180
167;199;182;39
88;65;185;42
44;154;80;108
172;37;19;66
120;109;129;103
41;120;104;58
125;186;65;31
118;85;112;76
43;176;163;85
80;36;42;107
78;46;69;85
179;73;96;21
144;137;55;129
123;161;80;63
134;63;49;53
121;19;136;11
143;146;129;106
48;59;61;35
21;57;136;68
69;178;118;162
128;84;123;142
51;179;133;131
26;165;99;150
160;140;110;118
27;131;31;127
123;178;31;162
55;31;39;25
39;24;180;31
16;197;167;68
108;129;175;70
86;19;164;66
134;40;180;43
113;163;66;174
195;196;155;48
108;149;104;163
166;178;22;96
49;141;117;190
178;120;129;50
112;85;69;158
196;76;120;11
184;64;165;158
45;83;100;194
166;89;177;69
38;148;59;44
14;100;101;153
135;190;69;76
129;23;97;163
56;197;106;168
88;215;84;88
148;51;119;125
177;146;18;178
83;114;76;190
185;76;115;174
91;154;104;121
143;44;112;134
48;155;29;168
63;46;199;161
163;57;105;43
39;43;186;126
108;60;113;108
25;181;46;146
89;143;58;71
147;126;73;19
169;60;152;63
96;132;71;100
53;142;131;101
14;98;35;122
167;189;129;23
37;67;133;128
72;88;35;44
194;102;32;172
42;179;128;96
199;54;30;23
182;157;86;59
145;120;72;163
38;158;168;147
32;150;48;104
62;52;90;114
77;169;176;146
187;132;110;141
133;127;74;178
163;165;85;125
58;192;15;163
25;182;11;91
87;84;44;100
120;142;179;11
48;167;149;179
148;117;29;36
130;129;178;87
163;125;76;174
114;132;148;87
90;117;122;110
190;53;132;168
163;140;197;42
78;71;73;175
200;185;65;48
193;142;181;45
189;15;147;67
101;19;131;194
28;153;48;13
184;167;99;10
17;102;95;91
187;151;102;65
27;166;107;39
50;193;115;52
196;129;41;162
182;137;173;43
57;135;77;39
18;30;53;171
88;105;45;45
49;73;95;75
36;161;116;163
41;48;10;18
89;168;95;147
55;179;176;93
115;176;14;71
110;11;199;50
16;49;27;50
114;20;145;62
22;70;157;119
169;42;91;50
35;65;37;107
91;33;112;151
107;38;12;134
110;53;161;129
132;78;29;18
169;129;61;33
166;162;28;74
121;29;150;165
174;61;146;114
93;133;123;129
136;157;200;73
198;176;158;48
40;35;43;156
154;21;136;81
32;125;31;135
138;137;152;84
169;55;143;115
162;34;174;152
112;20;122;117
64;90;155;131
13;58;93;68
63;164;25;115
150;181;80;176
110;151;76;40
175;165;181;76
123;27;178;50
64;47;45;15
75;20;24;27
14;50;105;27
128;79;161;48
75;121;33;144
104;154;181;76
56;36;56;96
99;179;21;69
59;142;97;74
103;142;109;184
132;35;21;81
137;47;118;92
27;86;80;69
192;82;138;37
37;148;186;124
67;149;149;116
107;179;14;185
195;183;89;150
126;131;164;135
34;40;85;32
93;172;187;92
78;181;71;17
108;12;45;137
26;146;38;19
41;41;50;143
54;105;97;30
143;81;21;51
103;57;149;178
49;17;141;113
151;190;102;116
146;59;91;115
191;51;153;126
132;190;121;62
50;163;77;190
135;185;119;199
140;108;79;31
80;114;82;32
151;107;143;65
19;198;175;169
157;79;173;198
180;166;196;192
183;54;192;135
112;195;156;33
89;155;189;51
52;112;33;94
18;141;67;104
75;151;12;24
79;174;29;25
62;45;95;152
126;118;107;84
72;108;184;103
12;75;139;143
125;165;76;106
149;135;67;195
88;179;32;37
131;57;90;104
32;39;12;104
93;165;14;115
106;35;54;115
143;161;32;127
23;31;91;174
67;57;56;135
48;158;121;85
142;96;104;200
113;15;171;124
75;158;161;198
98;33;41;64
141;78;10;177
24;23;41;77
54;27;194;42
69;195;99;176
32;180;128;107
193;82;32;62
159;177;126;14
90;147;156;135
97;176;153;193
99;77;31;174
158;102;166;162
42;139;173;18
55;73;98;107
189;175;186;30
131;126;198;49
108;179;129;98
67;189;111;151
45;174;56;70
33;125;191;106
88;30;56;154
181;28;85;69
156;25;11;185
140;79;72;125
93;114;118;26
188;151;48;66
13;99;25;95
140;45;171;124
127;67;118;78
167;194;161;159
108;23;15;54
159;169;143;170
196;185;36;18
162;103;73;57
95;120;139;62
155;92;182;10
101;36;134;139
190;173;12;75
197;106;181;119
169;177;17;23
21;109;28;97
183;144;93;133
35;117;112;35
112;44;58;45
131;152;26;129
190;113;25;82
144;68;156;113
155;135;156;170
175;45;74;59
105;63;73;37
188;159;47;103
36;149;74;134
76;40;148;107
52;116;83;183
194;32;132;173
66;24;87;35
27;49;69;116
85;149;58;182
114;22;68;105
161;123;129;83
43;186;111;42
83;124;78;135
88;177;191;158
152;98;175;121
111;72;107;96
197;145;51;20
167;182;151;172
124;63;76;20
104;90;15;174
60;151;45;191
158;63;47;86
188;102;167;48
48;45;79;52
53;150;101;162
84;163;134;165
178;97;131;73
36;110;107;136
59;133;134;89
173;63;150;107
57;37;184;175
114;13;103;145
176;36;133;177
36;95;163;100
188;40;135;186
70;121;52;72
158;54;107;37
36;200;159;153
113;159;85;161
140;96;85;55
29;38;62;119
88;63;119;116
163;11;195;64
182;155;80;103
104;137;189;108
28;150;99;44
179;15;74;107
113;128;96;59
144;121;149;176
130;199;122;47
108;65;78;140
77;136;194;57
138;165;144;94
61;176;19;103
79;183;152;126
73;95;169;187
68;186;115;155
193;100;42;20
81;87;78;196
11;154;136;162
25;56;94;91
167;180;60;170
121;36;194;127
102;197;44;32
52;107;48;197
104;58;87;143
132;162;136;103
200;36;12;164
91;144;181;104
134;200;151;184
101;74;193;36
76;60;50;94
111;88;36;18
83;146;40;149
171;122;198;32
87;134;108;191
153;105;111;86
111;18;31;199
23;172;34;199
11;147;19;27
125;199;61;70
145;24;46;110
168;81;101;127
104;14;72;12
12;52;197;31
80;26;76;193
10;153;129;27
137;178;128;82
141;75;96;78
39;125;172;62
113;94;124;110
52;31;54;180
169;148;154;191
170;142;128;50
103;183;126;126
175;48;180;132
54;94;20;191
80;67;103;41
87;108;144;54
50;198;22;85
20;39;32;178
98;41;151;150
114;60;90;133
91;187;14;141
44;145;132;183
109;179;29;161
197;65;199;86
11;13;132;164
24;14;180;191
191;64;200;186
42;149;156;44
131;121;92;126
152;55;88;133
106;114;182;158
134;55;91;78
65;47;182;155
30;175;182;29
172;121;151;184
86;155;32;23
119;113;132;179
184;44;133;110
188;14;181;188
184;200;107;166
159;15;128;95
118;65;200;55
37;68;71;199
167;178;71;75
180;62;190;48
104;44;152;198
166;190;118;119
115;40;46;34
137;93;141;87
72;193;32;183
128;65;115;12
103;166;98;60
80;106;100;172
28;39;117;60
135;32;131;183
118;98;92;108
130;86;149;141
176;185;86;167
190;100;170;189
187;155;140;55
192;145;53;70
132;150;110;12
42;107;41;166
11;94;109;37
39;58;117;156
189;24;137;103
135;126;99;142
121;199;18;112
109;14;148;47
120;61;103;82
67;126;133;106
73;96;177;182
45;176;79;36
60;104;41;197
136;149;11;142
103;15;21;53
32;177;64;123
23;166;177;43
168;29;56;26
120;162;144;154
125;190;124;77
81;44;72;152
59;67;44;187
139;160;142;145
10;27;43;183
188;18;183;55
107;32;135;145
167;85;15;22
190;64;142;67
18;44;48;22
79;183;170;69
10;88;54;78
94;78;106;92
75;104;23;169
28;173;54;33
198;147;86;187
181;87;158;56
179;72;46;127
88;95;67;188
163;158;32;16
37;43;150;183
142;108;179;16
131;190;25;18
131;175;200;173
187;18;121;142
100;103;52;162
91;128;37;52
148;37;142;90
157;52;38;139
129;85;161;15
171;72;146;65
91;62;61;12
120;23;109;27
55;159;168;174
123;35;118;168
70;191;27;153
122;43;126;54
81;119;151;188
78;12;107;186
117;173;106;61
39;18;97;179
106;99;18;47
44;152;165;161
196;154;129;35
99;199;12;73
195;196;109;113
114;107;154;62
14;154;26;190
77;121;51;188
173;196;75;66
194;97;87;195
95;133;73;44
27;24;107;20
70;74;79;50
159;74;133;91
18;140;17;198
97;134;166;142
93;35;99;33
88;142;117;116
83;118;62;128
124;104;118;109
186;171;179;91
31;49;94;155
76;178;117;66
131;47;43;193
194;47;190;42
146;74;105;185
82;189;184;173
182;186;191;74
80;70;82;62
129;77;121;53
67;77;85;50
143;128;64;45
189;200;181;184
93;37;115;142
189;94;21;23
148;123;115;159
175;68;197;55
39;51;165;90
170;197;142;175
11;126;150;99
23;29;49;120
110;115;59;130
77;111;123;191
27;51;180;158
141;50;162;83
80;166;186;56
74;93;62;69
154;132;20;82
190;193;85;54
35;105;44;163
40;147;66;96
23;188;102;54
49;165;128;68
115;26;167;194
89;113;161;70
81;131;170;108
144;97;85;153
24;114;141;159
53;32;39;145
95;33;196;178
45;57;165;39
133;143;131;192
45;195;181;147
15;70;123;171
36;156;157;25
118;162;94;125
128;85;23;18
13;174;17;194
78;175;180;59
91;82;67;140
52;179;197;129
118;164;30;20
182;94;91;161
125;67;75;115
161;192;159;17
71;54;58;85
126;79;165;128
104;48;72;165
27;115;13;38
126;200;161;154
105;53;110;149
48;13;192;147
17;71;125;83
101;102;18;77
31;175;91;182
53;130;53;71
119;193;102;118
116;130;99;118
57;79;83;22
11;176;36;186
93;11;133;16
130;68;165;164
188;158;82;158
159;95;33;171
188;92;59;123
72;82;69;131
92;130;29;165
25;166;169;57
192;165;110;83
185;119;22;177
77;32;135;112
147;183;19;126
54;195;112;159
192;168;93;175
99;108;152;51
22;64;122;51
95;35;147;180
151;37;154;94
122;54;168;154
56;110;86;162
121;52;152;104
145;114;76;137
28;197;85;200
88;44;158;63
199;118;72;111
24;195;171;32
190;136;181;124
105;84;163;97
172;39;132;165
185;181;199;110
153;44;16;123
24;174;30;68
132;13;108;110
200;49;30;136
151;77;139;22
37;144;67;109
67;94;84;11
153;92;91;53
175;95;77;37
181;97;148;96
72;167;93;51
52;68;96;46
192;78;148;93
82;152;112;175
86;69;68;194
104;112;171;166
48;162;126;93
113;161;131;98
36;143;138;17
140;170;135;89
114;180;179;90
136;168;50;41
113;10;36;92
53;148;14;44
161;47;145;194
141;40;23;191
149;168;150;18
185;161;189;32
16;175;88;173
134;132;52;163
69;45;70;193
193;28;19;67
116;85;155;116
170;116;24;168
141;82;95;173
35;120;132;111
20;118;109;58
33;144;116;195
171;71;103;39
189;162;142;164
194;177;71;114
64;79;71;172
65;128;184;53
71;96;80;54
41;114;181;71
29;142;73;102
125;83;190;92
34;145;114;126
113;40;141;146
143;57;132;56
155;126;83;151
38;16;189;49
158;129;132;156
183;136;143;11
23;74;51;109
144;95;27;55
14;195;31;155
134;88;70;115
117;81;169;127
75;130;130;178
130;107;30;97
73;147;118;190
159;111;49;52
191;174;81;99
173;119;128;22
43;153;70;48
178;71;107;39
72;180;190;99
189;107;145;50
156;196;28;186
115;21;98;56
20;137;177;12
133;87;122;20
167;118;33;79
192;66;66;76
96;66;61;21
90;126;156;162
112;125;92;191
77;104;101;46
76;83;93;138
172;62;33;39
33;167;170;165
37;78;197;97
13;66;120;119
12;24;189;179
177;184;34;60
118;121;33;71
119;185;107;165
47;16;115;122
191;152;175;16
189;25;106;125
82;44;114;159
92;174;100;115
164;104;93;100
47;137;53;101
179;26;61;33
142;172;199;81
25;149;122;167
95;53;39;111
196;52;152;92
69;137;29;191
171;96;148;190
168;166;176;65
145;14;106;122
62;141;156;64
37;176;125;200
102;73;151;114
136;93;73;185
137;127;30;186
81;171;83;98
139;82;65;141
195;67;157;146
11;96;122;46
47;77;50;50
168;37;177;166
81;200;45;46
60;14;78;18
71;13;128;82
35;173;162;12
187;48;35;54
87;187;133;74
100;182;111;148
191;67;141;137
172;93;152;114
65;112;158;110
190;128;156;138
12;157;116;58
97;60;160;138
97;147;107;70
98;37;198;156
89;60;48;140
118;194;181;164
106;107;196;111
11;126;89;150
199;69;108;166
96;168;124;110
143;180;98;175
129;136;66;28
163;80;64;47
148;52;147;135
67;45;119;184
142;187;115;177
55;55;84;136
93;38;192;123
16;176;131;127
153;96;49;37
11;194;67;189
19;122;151;143
93;13;94;151
175;41;166;142
192;39;105;63
52;76;106;33
44;141;183;162
82;84;111;42
64;58;39;25
185;187;83;145
156;119;192;64
180;85;147;77
75;137;32;52
61;77;178;68
178;77;114;182
99;136;50;139
147;125;135;11
166;139;198;192
69;138;184;178
78;173;94;183
29;66;118;79
30;124;65;60
161;193;138;198
55;158;83;69
74;192;38;130
46;62;143;91
62;31;23;114
98;100;64;154
36;91;169;41
81;60;29;183
161;130;73;90
103;106;170;13
183;84;129;123
178;27;157;169
106;42;52;184
101;157;74;115
61;55;35;173
148;59;25;68
82;46;171;114
148;43;36;44
36;106;87;186
142;198;185;63
38;132;142;111
13;82;163;195
165;114;183;34
138;88;193;78
20;64;75;145
54;159;100;138
135;52;59;197
81;75;99;39
185;20;90;158
133;135;50;31
14;188;198;171
61;104;17;22
47;120;162;170
88;18;38;134
64;102;74;189
63;39;132;26
24;11;83;180
66;191;17;198
93;58;80;38
183;28;165;50
64;111;40;118
95;51;86;154
45;27;94;29
12;43;29;71
60;21;76;148
198;178;65;143
189;144;152;126
74;26;187;159
149;111;80;101
122;103;174;186
157;115;133;107
50;22;61;84
185;88;37;100
49;74;177;135
129;174;143;177
127;168;68;136
91;196;74;30
137;187;140;124
34;25;169;51
49;193;150;95
138;200;52;140
25;192;99;81
86;93;49;165
16;195;121;171
184;113;133;182
192;139;166;40
30;39;176;60
44;154;126;19
145;146;127;18
64;170;97;169
49;46;16;127
11;187;169;187
187;115;91;166
60;54;91;56
159;166;131;193
108;139;78;24
172;194;172;122
181;180;174;89
59;59;55;71
74;114;126;65
169;189;156;20
75;162;192;56
190;25;96;22
157;134;165;49
152;65;160;10
106;51;61;170
101;157;130;186
199;100;120;52
160;20;76;94
168;189;89;106
41;136;117;81
116;40;94;62
128;105;39;121
140;200;162;181
38;24;23;131
138;103;57;31
41;164;103;39
102;63;149;200
178;132;132;61
140;150;115;101
153;16;78;93
131;119;104;13
124;200;187;154
74;36;132;37
76;56;62;172
119;197;115;41
64;99;58;138
161;103;174;116
115;117;143;113
51;56;81;33
163;92;184;27
166;53;17;41
114;14;46;174
113;187;77;177
192;36;100;60
107;125;51;164
124;148;144;174
77;84;109;13
145;127;28;178
32;196;149;118
102;20;86;129
169;91;45;188
15;153;145;73
142;160;56;59
88;18;119;111
149;24;73;142
149;31;187;166
60;196;44;15
199;61;140;29
91;190;126;87
58;71;168;152
83;171;37;127
16;46;93;188
91;31;90;174
189;20;108;66
86;63;28;23
105;133;58;41
71;68;152;185
57;171;176;40
53;23;156;174
141;26;154;58
184;82;102;47
65;184;198;124
139;30;48;35
172;164;76;107
133;142;119;91
168;195;187;108
144;76;73;173
63;111;60;23
148;186;88;157
77;129;105;189
121;25;67;35
21;112;95;90
110;82;15;151
84;56;119;18
123;80;50;150
162;102;49;126
105;14;12;136
83;38;44;131
63;86;116;163
98;132;33;193
19;144;104;128
30;52;140;97
55;35;26;160
42;189;149;102
153;138;39;184
85;119;86;39
40;93;186;58
61;124;85;96
74;200;144;20
21;21;113;189
147;28;101;42
186;96;118;33
144;81;74;110
96;62;71;128
186;103;102;34
10;111;159;167
76;43;181;180
83;127;106;157
189;120;34;116
56;68;67;44
32;138;84;22
192;62;22;13
32;66;150;81
149;84;27;80
137;61;101;150
148;160;96;93
32;18;145;59
158;170;105;109
108;76;149;13
147;53;134;139
32;64;57;49
69;158;118;125
26;51;130;12
20;170;122;41
161;175;155;93
125;77;88;24
137;17;53;16
118;76;145;24
122;132;26;136
122;190;134;146
47;190;12;20
45;192;50;131
76;169;134;149
154;39;162;95
166;112;100;21
164;168;192;178
99;179;54;118
59;103;190;48
54;170;67;119
158;143;153;193
139;119;33;112
96;37;90;60
27;36;158;174
172;71;158;166
18;181;131;92
124;167;124;65
77;24;134;176
134;28;113;181
150;93;37;177
20;197;189;21
183;28;172;94
71;17;87;65
134;53;147;45
165;94;94;105
96;195;123;165
108;111;102;22
79;52;194;43
50;108;154;95
49;186;190;99
150;50;64;13
43;44;42;86
23;13;44;150
183;162;154;193
138;82;65;28
181;176;92;183
25;70;109;161
157;66;50;72
48;48;61;49
37;113;147;65
76;70;103;49
102;128;171;180
122;175;97;158
124;22;24;22
157;113;121;16
52;34;156;30
168;20;85;76
174;99;153;102
191;169;175;58
102;116;150;73
173;155;128;105
53;188;137;65
120;52;111;40
34;43;58;145
55;79;159;154
143;121;31;105
38;172;107;53
10;151;48;89
64;198;40;181
49;24;132;189
78;120;104;18
69;90;125;171
115;64;175;184
62;79;119;65
17;92;192;199
185;162;99;96
147;54;131;171
186;103;132;39
123;192;64;143
23;78;104;64
167;190;162;21
187;52;22;140
138;95;175;120
70;23;119;42
90;66;180;26
115;173;180;91
135;174;78;34
69;97;63;62
133;63;171;60
86;125;143;132
57;150;65;101
85;37;138;171
193;130;22;17
186;117;11;94
62;61;27;137
99;83;193;143
10;135;78;51
73;186;181;181
35;44;78;152
119;110;98;22
185;96;12;181
83;114;155;160
32;33;133;125
160;26;96;68
160;59;81;193
99;183;108;133
125;65;200;178
101;85;14;140
140;22;182;120
134;94;48;101
126;200;64;184
187;117;25;182
34;192;87;41
157;157;26;151
67;17;79;172
105;117;131;57
108;30;194;94
174;34;124;41
34;102;152;128
123;124;185;102
172;165;159;160
146;126;160;93
132;18;171;33
65;174;131;67
187;23;186;26
191;91;34;97
82;189;77;163
126;174;23;167
65;80;174;175
175;131;87;14
181;34;155;41
35;169;25;181
49;174;164;161
141;151;50;146
191;144;69;199
127;162;39;74
30;38;48;99
141;158;12;196
86;34;177;153
193;107;128;45
88;97;62;91
15;192;63;74
103;122;99;12
112;196;69;199
74;151;106;138
73;195;96;40
10;116;183;21
156;144;178;59
175;119;162;192
199;106;186;72
39;73;172;32
186;192;42;131
25;29;115;47
103;162;62;195
33;43;151;112
19;156;143;175
55;170;140;164
37;153;97;35
188;171;182;65
100;75;58;43
76;32;93;82
151;37;48;24
54;63;79;53
56;100;175;146
104;22;152;39
92;126;121;72
67;173;82;154
66;140;10;87
170;156;178;126
148;156;124;104
74;105;184;107
158;195;147;35
156;61;164;32
22;128;57;67
126;135;82;30
187;17;173;125
105;19;155;16
130;68;119;153
123;53;17;55
158;183;137;200
14;108;55;169
94;63;169;149
13;86;193;12
32;138;73;115
156;165;105;62
40;89;87;31
160;147;119;43
95;163;65;42
94;96;137;94
194;149;43;96
34;48;59;113
27;137;13;148
10;170;12;169
73;14;165;91
63;60;25;164
60;159;78;143
11;118;173;102
100;44;176;81
143;142;36;49
60;27;179;172
71;65;112;107
101;124;42;172
168;145;123;28
29;12;167;62
98;92;127;125
31;167;195;194
165;185;29;53
100;10;195;96
177;78;15;108
75;142;179;19
48;95;113;14
50;148;122;67
156;162;188;180
111;85;24;132
150;170;179;153
13;171;159;91
190;40;101;29
138;155;149;40
29;93;170;54
108;88;142;36
64;16;191;92
167;143;52;64
97;106;199;58
82;79;184;178
140;151;24;45
21;190;22;149
70;110;170;71
77;98;82;59
71;68;95;16
134;167;150;159
148;124;153;74
67;16;50;42
119;104;73;199
148;117;91;52
78;25;97;177
145;17;75;20
105;187;127;131
154;45;103;103
33;85;168;154
55;14;72;124
162;116;188;83
92;66;19;43
157;90;179;199
187;39;150;179
166;52;107;104
57;26;95;96
138;91;46;22
190;50;25;96
19;133;138;180
58;39;48;164
158;112;157;86
120;21;30;75
195;88;88;135
178;36;148;163
110;156;48;131
187;48;74;126
65;178;107;57
88;70;199;149
19;127;13;198
129;84;16;72
21;112;181;55
178;123;76;56
88;167;117;117
194;68;173;108
105;155;139;123
101;170;58;45
60;29;105;44
141;129;16;188
146;29;55;104
116;158;125;52
29;169;35;126
51;22;52;179
191;194;151;142
37;189;161;151
92;63;27;188
152;118;10;146
158;194;86;70
125;81;196;50
106;18;111;152
22;31;90;146
62;163;187;120
62;109;136;30
189;124;63;72
142;98;173;111
188;25;117;53
164;158;43;104
196;138;149;127
16;113;37;41
66;188;19;48
145;179;107;194
149;28;107;101
194;146;114;142
175;129;95;95
129;94;99;119
81;55;164;121
75;102;193;143
27;174;141;148
116;123;85;86
150;154;43;114
100;89;19;138
131;95;173;196
16;71;92;178
50;16;96;31
127;15;19;90
58;166;111;77
172;136;66;88
22;182;127;168
193;107;35;22
166;41;60;73
94;109;128;175
16;140;136;192
59;147;92;70
137;135;137;169
195;149;187;59
158;13;105;185
51;130;187;14
93;170;66;113
98;59;11;60
193;65;148;187
14;60;72;80
197;106;53;121
64;137;198;138
110;55;120;73
124;125;14;128
129;147;151;28
42;42;196;122
163;73;54;196
116;28;79;194
130;37;114;114
78;60;85;141
134;96;47;130
170;95;15;145
65;39;81;43
37;122;92;56
111;33;27;103
29;180;125;183
61;111;87;148
134;67;19;127
117;32;80;99
104;66;140;145
134;131;79;122
44;39;38;146
83;48;23;21
145;166;20;185
63;176;171;126
62;197;187;108
61;44;59;57
192;166;194;57
69;67;155;80
127;92;193;174
64;12;51;137
47;142;62;88
59;75;103;10
104;113;74;166
169;172;143;56
55;152;77;13
45;13;93;169
46;28;163;125
130;131;98;118
166;97;77;35
108;194;76;80
199;23;70;155
110;86;114;96
165;130;87;67
107;147;199;72
17;63;38;160
143;136;56;85
21;187;139;93
107;180;184;145
102;30;92;79
190;59;66;112
187;73;110;50
52;148;124;186
67;77;199;143
193;101;186;142
57;148;182;61
197;35;62;126
90;180;69;161
168;12;21;54
153;113;32;48
167;62;20;85
79;138;57;68
166;39;48;70
113;178;67;192
71;64;17;116
43;81;152;33
194;43;14;97
13;111;76;57
178;196;157;119
152;163;155;22
81;43;143;43
179;136;17;190
186;106;187;124
103;199;152;114
174;111;72;15
95;20;54;33
12;55;76;77
112;184;120;159
24;194;46;54
17;153;154;37
100;108;64;200
151;108;101;179
93;171;151;151
130;95;43;191
32;18;125;89
59;109;47;50
28;28;164;37
88;145;181;79
193;75;58;92
18;155;139;168
179;198;95;180
17;165;138;181
142;75;135;42
65;163;89;17
57;112;134;28
77;179;153;18
92;79;199;34
184;29;199;13
63;158;130;123
99;135;94;173
45;39;31;27
162;151;130;55
193;71;41;186
169;194;128;103
28;77;190;55
123;93;27;29
85;156;114;129
55;14;104;57
191;98;176;13
156;61;91;114
143;185;170;185
20;82;92;198
130;142;188;98
28;183;130;103
151;50;84;60
30;50;33;106
69;194;41;188
91;182;59;35
132;182;23;119
31;154;105;123
121;56;91;86
132;46;80;96
169;177;65;95
168;164;36;48
163;69;49;195
41;55;182;25
167;176;67;144
107;40;188;87
180;143;21;66
97;62;156;190
166;41;112;136
130;33;168;117
164;125;94;157
52;171;160;150
32;92;20;122
50;198;138;41
67;18;95;32
39;81;141;33
124;112;101;108
171;16;168;82
134;16;111;28
120;41;161;15
193;136;173;187
46;118;81;93
147;121;29;200
108;79;28;131
134;62;192;111
27;107;128;120
85;57;14;94
40;167;137;186
85;135;149;58
31;13;188;171
14;93;140;152
181;121;126;84
61;110;74;70
196;68;34;130
104;82;151;29
140;71;113;151
127;130;145;106
29;107;140;75
105;19;142;199
22;178;84;109
16;133;108;24
41;149;26;165
49;28;143;28
167;123;172;149
175;81;55;14
66;176;201;176
111;169;171;196
41;150;66;73
136;37;71;65
145;121;78;49
13;58;105;161
58;97;140;70
23;158;155;78
80;115;44;159
33;96;29;126
108;79;138;102
146;24;11;112
86;61;165;71
196;59;151;119
84;62;84;111
129;186;16;116
152;128;115;19
19;119;144;107
118;198;87;85
43;83;135;55
105;144;76;84
137;144;105;10
155;29;52;138
55;155;20;163
33;176;133;113
96;165;103;103
118;183;74;13
87;161;175;75
23;91;34;109
31;181;164;101
13;138;62;63
179;150;53;104
89;32;23;74
110;84;195;132
112;14;199;94
78;112;83;49
182;68;194;96
18;89;178;128
133;134;47;69
64;80;152;100
187;90;152;152
69;12;68;176
131;46;126;96
191;156;89;101
84;168;102;146
35;116;13;96
67;17;159;167
158;100;143;194
191;84;30;145
98;66;27;60
135;159;70;176
165;142;33;184
73;180;47;68
156;161;162;133
11;89;113;31
37;187;37;87
184;138;182;80
151;53;51;92
63;174;130;186
49;116;75;154
80;194;126;22
40;151;77;133
16;19;13;76
93;177;136;179
140;108;73;19
135;140;197;182
13;95;23;56
164;80;66;46
159;196;127;64
140;16;20;190
50;183;95;110
198;138;137;155
34;101;196;104
188;198;92;13
150;160;170;146
129;67;56;193
178;80;70;56
67;15;106;24
81;139;151;106
13;198;91;128
31;72;118;197
182;181;182;47
118;188;24;17
63;86;161;21
179;69;180;148
117;25;91;59
91;93;194;177
34;124;156;148
114;42;197;63
45;154;143;63
117;14;166;34
139;113;115;68
31;148;62;18
117;58;118;11
55;102;71;22
64;91;177;105
64;114;151;42
107;79;140;103
17;113;46;37
36;24;157;27
184;194;51;90
87;185;126;108
82;101;71;180
153;173;160;90
60;177;58;126
70;30;92;167
139;38;117;55
57;167;110;108
113;106;172;92
64;49;146;138
114;143;173;103
193;28;151;56
139;166;107;71
31;167;102;195
109;120;14;117
143;90;46;29
166;18;52;91
183;153;129;24
76;157;147;184
126;52;67;16
154;15;68;170
159;150;142;191
72;142;168;98
168;140;135;99
51;68;124;115
23;154;50;120
165;73;200;76
16;37;151;178
177;103;128;149
123;96;152;51
184;61;130;50
77;193;26;76
155;14;30;36
113;169;48;147
135;148;24;14
22;196;191;133
28;99;170;55
67;64;74;74
54;67;149;70
16;81;83;156
187;197;198;72
125;48;35;12
10;67;55;104
188;200;199;88
35;25;67;33
35;75;120;19
82;49;177;104
173;29;142;174
168;46;82;22
75;90;55;160
67;27;10;128
89;139;131;81
146;52;81;32
112;107;139;141
128;59;116;112
43;177;67;194
102;168;67;58
29;14;133;141
191;167;49;120
38;114;183;27
171;179;88;10
123;129;98;35
162;19;11;127
182;144;32;197
141;139;116;56
99;160;173;56
160;55;111;76
132;141;132;73
185;156;166;124
78;127;194;140
10;65;193;190
32;13;62;103
66;168;166;47
129;183;196;147
31;146;158;17
16;41;154;78
139;66;100;186
101;111;159;109
28;29;158;14
53;177;70;63
194;13;134;44
96;113;56;64
160;45;193;77
194;23;122;83
114;195;63;178
49;163;83;171
180;145;107;88
170;173;179;162
164;167;191;41
70;96;144;66
28;193;173;174
187;159;43;165
155;85;97;12
186;189;79;53
90;105;162;84
131;15;174;55
113;106;122;150
140;163;68;119
67;54;50;92
169;187;83;27
60;86;92;189
109;165;91;104
102;176;147;146
84;137;176;74
75;156;149;146
54;162;92;100
19;116;174;76
166;62;56;41
172;124;106;75
175;156;173;184
87;44;107;57
50;68;48;93
130;35;140;42
43;122;97;114
67;161;75;166
24;130;111;65
18;151;193;138
97;54;14;127
180;156;108;176
79;154;70;122
15;45;141;48
79;162;24;89
178;194;174;166
17;55;68;97
115;185;77;162
25;119;107;167
101;106;193;110
22;36;148;125
70;110;162;21
131;77;162;148
178;159;177;180
138;181;125;22
85;96;168;44
194;92;84;65
50;16;122;23
27;200;88;26
100;40;107;101
190;182;170;40
61;154;64;57
198;117;65;67
89;100;182;179
194;91;39;173
96;146;180;171
180;140;197;152
40;18;151;51
103;108;30;36
42;130;44;19
23;149;123;188
134;50;110;189
43;95;89;87
14;30;130;149
25;145;129;93
11;121;106;63
48;55;10;64
61;176;186;23
161;91;141;200
172;51;193;114
83;198;44;108
161;49;152;100
157;180;107;160
197;162;58;135
128;13;41;63
143;123;89;103
66;67;152;99
86;118;133;11
83;199;73;196
110;115;138;149
42;19;96;194
104;41;14;53
39;145;40;156
136;137;62;33
43;147;127;136
42;151;190;152
188;52;197;149
23;146;97;185
200;108;35;34
165;35;141;34
74;58;178;197
26;29;40;50
110;42;136;91
139;63;49;65
159;154;104;50
148;80;130;68
87;32;48;166
28;86;91;13
45;28;157;63
34;34;36;46
149;63;115;60
193;140;30;49
180;176;188;57
61;149;116;23
116;77;165;51
162;121;29;29
103;98;67;112
124;126;41;40
24;104;191;13
120;53;197;178
155;69;95;12
185;57;100;105
61;146;58;124
116;166;100;16
39;50;80;168
167;157;133;200
148;28;93;27
21;182;100;144
35;73;31;185
14;21;143;107
92;45;171;170
62;159;104;134
98;49;159;183
166;66;44;157
44;71;105;186
41;26;112;24
178;12;176;71
70;154;164;66
19;148;45;147
158;156;52;142
90;183;56;158
125;148;102;177
111;116;101;111
79;149;156;196
89;124;164;184
106;115;30;136
175;145;152;15
187;119;33;168
56;104;96;37
56;175;185;107
28;85;64;156
22;96;164;176
70;165;141;166
166;133;149;89
125;147;153;48
31;163;176;71
121;81;166;144
85;175;167;48
155;136;76;123
110;21;168;114
175;73;56;105
197;176;189;161
152;98;199;19
79;185;69;177
43;138;179;120
167;39;185;154
159;61;74;80
166;200;184;77
136;136;46;37
189;150;143;106
14;182;79;92
177;97;151;105
129;110;104;194
88;174;138;122
45;161;12;73
200;145;118;183
24;59;185;104
171;82;37;119
92;23;152;36
151;189;155;101
141;16;151;86
59;177;153;108
54;55;113;98
191;51;37;96
121;60;129;121
136;50;89;28
128;159;18;56
36;199;98;38
40;86;140;68
190;18;96;51
159;107;178;154
11;69;58;92
37;182;166;67
77;54;55;130
190;26;85;79
177;112;75;86
80;28;67;36
28;191;36;97
92;85;172;94
139;19;20;12
62;141;52;26
100;180;179;81
14;11;22;87
199;190;44;17
193;100;50;187
180;118;129;159
70;154;170;111
199;91;92;199
94;187;89;117
75;52;99;123
78;36;46;87
90;146;19;13
198;74;99;107
120;118;91;121
40;117;43;91
200;118;166;162
152;173;95;32
137;157;41;86
110;21;24;133
110;149;131;47
75;49;178;195
123;48;195;83
56;23;70;169
23;145;96;158
180;81;166;33
138;59;88;80
195;174;151;68
26;83;71;90
140;63;27;76
69;37;148;118
142;178;23;43
132;53;185;151
194;24;132;189
62;138;162;172
166;195;100;177
88;60;109;21
91;61;171;116
99;196;54;119
199;71;51;175
161;160;138;89
42;14;155;158
188;53;147;171
196;170;199;113
99;12;89;178
196;198;82;163
109;81;34;173
68;143;103;136
93;56;49;47
11;163;60;131
51;132;179;36
25;76;24;168
139;112;32;61
29;28;180;91
114;190;55;66
66;41;61;114
96;23;59;190
64;22;46;21
19;64;72;99
123;142;70;42
44;156;61;188
123;32;103;87
24;53;10;120
115;93;162;17
133;45;10;120
126;52;154;111
49;132;177;157
78;173;97;117
100;184;34;82
165;37;19;195
32;43;87;91
176;76;15;196
174;155;39;126
54;175;48;162
113;194;189;103
25;44;128;84
68;36;174;52
159;131;11;103
179;176;114;46
189;22;132;197
21;107;88;182
138;50;37;64
92;177;56;153
124;126;70;86
82;188;86;122
39;69;167;174
141;15;153;24
29;103;128;66
13;10;161;91
112;100;200;182
165;143;196;193
82;185;92;102
150;48;197;193
33;135;35;23
72;163;68;24
163;85;193;27
111;77;48;60
111;55;102;98
16;149;71;96
121;74;182;134
165;150;106;153
113;72;27;104
186;139;86;56
94;167;163;163
62;122;45;32
147;137;42;30
32;131;177;23
176;87;55;31
82;119;39;60
93;109;81;71
107;18;58;128
44;110;123;108
146;44;158;70
140;143;95;180
92;198;96;26
198;197;21;197
15;166;147;159
32;82;56;105
74;103;37;139
185;87;56;175
96;71;153;54
169;199;77;182
26;177;161;110
23;53;118;16
57;186;116;78
150;186;13;51
27;175;95;169
101;195;67;196
38;171;55;141
99;169;173;23
76;115;165;162
115;145;122;65
81;80;95;133
91;155;175;163
100;145;74;67
176;195;89;70
144;57;91;60
133;194;109;182
188;26;193;167
66;10;103;15
110;18;176;58
81;196;58;105
54;97;126;100
33;98;48;158
18;111;61;145
75;116;184;122
162;127;30;14
151;163;192;114
38;146;95;157
19;36;88;169
22;25;42;119
87;109;98;120
100;132;71;171
142;74;144;192
53;160;188;137
70;137;12;93
10;136;129;42
45;67;51;161
60;46;96;170
22;168;75;66
93;136;75;159
48;29;76;107
151;199;171;27
152;11;157;42
99;158;24;89
92;125;70;168
99;66;181;117
62;44;125;174
21;99;105;43
117;10;152;47
40;199;66;121
94;36;44;105
117;110;195;186
186;21;189;186
27;51;100;169
74;25;77;13
20;192;115;59
162;164;54;77
54;104;127;87
183;165;162;62
175;135;41;69
199;93;144;74
29;34;91;151
89;55;192;193
88;43;184;103
62;195;125;69
48;86;143;15
71;100;62;144
152;97;148;198
196;85;133;88
27;187;41;154
188;37;69;47
155;53;28;96
105;16;148;158
71;66;77;124
46;182;15;77
67;122;200;63
27;61;97;192
165;168;178;92
180;131;155;184
128;68;128;150
27;38;84;197
144;185;108;147
89;131;89;83
29;67;143;50
19;12;22;41
134;42;150;126
123;67;112;124
63;39;123;151
170;95;148;143
163;70;187;188
30;66;184;14
175;116;41;188
33;175;49;178
198;121;77;187
59;85;54;174
85;195;23;42
144;177;12;55
105;101;156;73
35;178;159;30
22;63;166;37
99;141;137;192
90;28;170;146
57;100;103;184
117;77;149;80
30;13;41;177
97;140;182;85
38;122;181;47
42;77;14;116
176;196;56;158
76;173;99;100
66;152;21;132
35;106;89;105
119;156;53;120
22;189;40;15
152;114;106;130
191;65;89;193
62;111;134;74
66;52;94;26
101;162;153;31
153;15;177;47
35;176;39;111
156;77;47;113
48;89;91;154
158;188;137;93
162;88;43;87
110;139;27;84
81;43;60;46
161;171;154;131
99;63;186;196
39;181;47;93
39;65;72;181
182;24;131;199
176;35;12;127
42;115;16;16
104;28;76;40
25;150;75;99
172;142;134;13
130;175;102;133
62;185;48;161
169;114;33;104
74;35;147;85
23;106;152;125
100;60;109;199
200;17;146;178
52;200;54;126
63;157;148;15
16;127;117;142
90;31;186;194
14;175;95;35
157;137;156;79
65;95;142;61
14;72;95;149
120;78;65;70
46;114;48;23
75;104;25;52
16;60;184;173
58;145;157;168
78;102;23;104
174;46;132;143
55;48;100;13
179;109;174;114
163;103;104;70
167;132;54;186
148;103;188;170
107;79;91;152
74;107;34;35
194;157;18;187
41;69;171;34
143;161;72;166
53;33;39;134
32;182;34;98
150;134;198;53
55;195;185;13
132;34;70;108
132;71;95;48
171;12;186;136
51;86;133;146
22;78;90;37
121;137;42;84
157;56;171;41
105;39;182;129
145;11;74;80
67;166;111;21
146;81;93;21
11;179;161;142
51;57;28;135
142;43;185;145
115;96;140;11
130;135;183;75
27;166;64;48
12;135;103;185
175;111;19;56
123;157;140;186
71;39;165;109
18;21;76;83
11;34;43;150
37;182;50;57
62;28;43;143
150;173;71;52
140;188;174;105
153;15;42;155
140;153;53;198
157;10;26;122
88;104;161;40
169;139;41;135
63;121;83;166
177;137;113;26
37;68;84;124
112;137;101;150
159;67;83;172
19;129;15;181
177;143;184;123
146;55;182;135
138;137;188;113
44;33;162;197
168;135;161;65
154;14;28;146
12;49;10;16
62;178;58;171
38;39;96;165
147;139;68;100
121;103;10;71
44;171;98;175
88;56;85;169
180;113;72;155
48;118;92;126
97;128;74;53
159;85;81;171
160;148;49;140
131;161;148;116
191;156;25;71
83;130;140;13
12;168;51;14
42;108;23;180
83;196;139;177
112;53;140;151
170;160;58;173
83;98;46;103
114;108;142;123
124;193;167;28
139;49;136;152
59;142;19;27
156;54;91;130
43;190;85;95
172;193;128;168
157;53;33;100
115;27;73;43
136;79;135;53
108;53;138;58
70;146;197;158
155;26;179;194
176;107;32;160
92;123;189;63
54;31;130;22
18;80;105;131
143;14;111;34
46;17;182;63
171;193;198;169
75;51;195;183
179;142;80;31
27;124;165;98
45;184;17;170
48;92;139;87
178;12;153;18
79;98;102;20
176;190;68;11
25;10;119;89
92;31;45;34
189;82;63;166
146;116;60;92
99;151;69;102
120;22;79;144
21;153;84;185
159;30;138;26
158;184;132;66
126;123;128;164
168;178;23;197
77;166;122;109
54;112;66;142
97;32;146;10
70;18;112;158
92;130;159;15
146;86;34;169
69;108;31;103
153;142;114;151
134;112;37;59
132;176;175;60
51;152;128;193
160;30;20;193
180;138;47;107
97;64;85;41
120;115;72;55
159;54;137;155
69;146;29;166
115;121;87;131
68;60;121;178
139;79;13;192
156;143;34;57
178;89;127;183
113;187;74;76
144;28;95;46
134;119;68;160
188;154;154;134
187;71;112;101
30;53;70;145
159;199;18;87
43;186;117;119
99;163;89;107
24;65;36;18
127;198;59;20
25;138;137;149
82;18;71;195
122;157;25;115
144;82;75;154
191;70;126;95
144;169;82;129
65;191;150;34
82;77;114;197
151;157;107;24
20;164;58;117
86;67;66;69
79;174;192;72
128;188;127;15
83;35;50;115
183;22;80;37
59;44;140;104
13;145;48;105
80;179;72;153
76;15;123;160
61;34;63;99
146;12;60;24
51;30;183;40
158;165;121;19
102;116;85;181
190;144;145;54
136;108;45;77
153;23;141;45
180;101;25;62
90;41;12;32
76;182;78;164
16;66;179;44
89;114;47;100
43;159;25;185
150;130;92;182
189;140;186;196
67;119;16;143
176;142;99;104
63;135;38;49
139;98;89;13
53;73;135;115
114;40;27;111
71;166;139;21
108;151;67;15
84;43;21;131
189;81;28;59
174;185;35;88
79;49;64;32
175;108;133;194
124;144;143;106
178;187;59;79
55;195;166;53
67;45;46;89
41;142;150;41
176;44;75;13
20;33;113;23
84;25;90;29
22;77;85;152
146;135;61;60
131;38;61;174
18;135;72;77
11;114;79;63
129;185;153;180
49;162;187;177
74;141;63;177
164;77;27;194
62;56;137;194
187;18;50;127
94;196;55;24
114;179;173;177
196;105;165;182
168;90;120;54
119;79;155;195
126;199;105;191
60;77;86;53
24;18;106;129
125;10;49;115
177;62;104;23
137;102;18;134
108;102;117;184
59;126;165;65
101;25;144;200
135;171;158;142
200;127;171;71
185;123;141;132
166;172;152;134
176;179;102;148
61;107;45;84
36;94;34;55
183;114;154;154
105;188;105;197
55;94;105;130
153;185;184;196
47;167;49;74
170;105;188;83
171;37;136;27
26;104;91;69
80;27;14;13
59;111;114;159
90;173;18;72
147;107;88;198
68;157;178;135
133;138;121;39
163;169;19;167
95;89;146;196
190;25;147;127
13;128;67;139
70;34;183;51
141;57;89;132
89;79;122;124
132;51;158;164
166;35;156;113
146;144;160;121
105;174;199;191
104;97;56;194
73;90;120;182
196;11;52;52
156;136;119;154
141;83;99;170
37;73;162;14
167;159;28;52
71;199;20;180
197;193;12;15
46;67;42;19
188;132;86;164
74;131;113;197
121;200;156;119
93;62;109;189
189;28;80;97
187;176;40;10
26;127;132;151
94;19;135;37
115;60;148;16
177;33;153;106
60;145;55;30
64;137;187;192
189;108;47;180
142;163;102;108
170;121;127;18
193;121;88;42
58;47;128;107
36;135;193;160
94;164;77;200
77;94;122;111
198;90;93;94
76;161;21;125
70;96;169;181
130;11;59;187
79;127;145;52
111;156;83;102
147;29;36;91
129;181;128;134
148;46;189;135
176;96;122;114
102;27;108;49
174;151;15;171
115;151;142;26
178;84;72;188
154;196;63;93
121;161;166;131
103;129;177;146
117;70;175;60
180;197;63;115
194;117;162;53
115;33;26;162
37;98;172;87
47;126;161;74
44;11;60;110
59;131;22;62
157;85;123;168
196;172;26;50
170;193;22;27
84;77;85;173
100;105;149;174
24;161;70;107
93;79;143;101
78;170;179;73
19;113;184;46
52;187;51;47
21;164;130;166
78;160;190;18
25;162;188;192
53;31;62;184
143;31;32;63
62;96;114;12
88;120;105;126
194;42;118;50
118;46;43;136
74;22;128;21
91;136;200;177
34;72;35;89
144;25;187;51
113;46;187;85
96;190;76;99
33;62;176;163
145;123;129;156
81;190;129;83
22;31;18;67
41;21;42;184
184;54;101;104
88;43;107;125
55;70;98;177
22;70;123;180
162;35;113;152
10;162;59;164
52;55;89;91
91;129;72;89
58;167;166;60
116;99;32;188
29;152;19;43
71;153;83;47
81;123;92;35
24;125;19;137
133;113;62;50
80;115;12;98
96;168;20;98
104;158;147;125
158;122;96;188
165;87;38;53
61;74;76;167
179;124;50;49
44;93;18;44
49;66;162;55
96;186;90;124
71;166;149;194
163;48;97;165
38;101;177;46
181;62;23;69
186;42;161;114
99;62;126;47
167;148;58;170
74;174;197;105
121;51;191;87
143;37;69;194
200;40;130;56
68;140;83;162
185;56;195;82
62;63;113;77
153;23;49;144
143;120;171;106
76;23;13;137
88;182;172;183
198;194;132;31
197;187;153;136
139;124;62;102
33;102;74;160
13;167;150;77
73;46;123;31
167;132;25;149
68;149;90;121
145;84;187;85
182;121;103;31
185;159;34;106
65;54;31;159
41;186;62;95
35;128;67;28
118;118;95;29
200;190;91;101
18;64;67;66
91;24;180;127
25;18;152;12
93;22;64;134
128;96;151;74
159;193;101;124
132;154;65;22
158;92;34;76
78;187;160;123
44;65;159;79
89;29;131;57
35;45;51;181
99;149;144;74
163;100;200;140
184;184;192;19
44;32;77;189
192;138;132;59
162;173;136;75
17;16;39;140
85;170;123;146
55;199;18;151
54;97;120;46
154;190;57;51
57;159;147;151
150;180;170;149
87;192;12;153
122;160;106;194
89;26;83;129
119;194;129;154
150;131;33;114
72;69;132;80
199;79;43;65
22;103;142;116
37;73;177;98
168;84;99;34
65;83;161;94
178;168;31;66
185;104;190;93
35;16;34;173
135;68;12;10
122;181;123;174
172;183;81;187
85;23;88;72
110;60;15;51
101;168;24;68
17;94;93;38
101;182;71;132
131;159;72;97
145;22;144;107
77;87;196;178
190;81;57;10
171;135;12;118
172;10;93;165
130;88;86;143
129;40;42;181
16;114;95;73
55;130;26;153
121;130;55;22
29;102;83;166
78;106;46;191
68;140;131;126
27;52;73;38
183;136;182;90
98;41;104;176
171;58;81;189
40;169;51;58
167;83;52;180
96;177;28;68
120;25;97;63
13;138;72;172
200;32;11;122
154;142;55;164
33;73;132;42
71;103;176;160
105;190;131;155
114;55;17;110
189;66;72;146
185;53;168;149
92;63;113;96
130;75;164;192
156;95;76;63
122;72;49;134
73;31;123;137
73;130;157;29
144;22;39;158
79;70;131;195
54;17;81;127
117;159;167;131
119;93;67;83
161;46;40;81
10;13;75;66
180;20;159;181
159;148;195;158
139;156;200;106
24;189;165;47
112;16;198;84
85;44;21;12
93;55;148;36
62;173;23;47
29;53;165;58
111;13;142;64
78;138;121;19
89;174;183;190
171;123;119;163
59;151;77;143
150;51;174;191
47;99;171;102
41;41;50;44
13;20;12;43
184;144;143;169
189;16;125;14
31;79;139;67
39;180;143;66
93;165;147;30
88;100;79;107
151;179;159;73
155;61;51;77
39;17;162;170
193;165;166;122
89;108;93;64
166;60;16;105
50;78;34;170
119;51;39;179
55;66;166;90
20;115;119;127
36;114;113;139
37;14;121;161
130;57;39;166
111;160;99;36
67;196;197;51
199;27;167;154
199;82;131;181
146;175;69;98
134;173;64;77
34;173;15;88
135;20;139;157
77;164;31;51
87;40;114;192
192;40;147;115
109;112;128;126
36;105;23;160
176;104;68;175
70;26;94;133
155;66;112;169
187;143;165;146
170;179;55;76
123;160;74;130
105;83;50;119
115;11;156;50
77;101;50;181
30;31;163;86
83;180;121;156
52;134;187;189
112;195;87;86
98;68;24;75
75;130;188;95
122;80;170;145
172;95;25;152
151;108;77;69
171;165;20;10
170;30;172;67
160;103;86;25
128;183;103;135
63;84;64;48
14;188;150;49
17;156;145;162
164;95;64;67
106;150;168;63
166;188;104;154
123;107;161;37
100;18;66;49
199;112;188;119
14;155;98;145
106;86;182;66
177;191;193;97
114;177;95;63
87;58;112;105
187;94;176;136
105;97;169;118
200;32;30;48
108;123;74;93
68;166;87;115
24;142;144;82
57;146;48;196
25;89;115;116
142;171;45;104
106;119;84;110
73;81;49;39
107;184;183;57
51;134;158;75
33;136;34;196
14;86;145;162
142;180;74;184
102;191;28;112
15;120;49;82
52;171;166;89
143;55;72;97
109;103;200;89
101;32;129;145
127;180;158;60
19;160;28;156
84;181;184;152
149;90;183;197
39;85;36;178
183;97;118;170
157;163;158;102
31;142;38;157
130;150;169;98
24;63;124;160
104;146;155;190
68;184;146;137
93;130;45;80
138;189;168;200
99;177;48;75
184;200;38;173
20;53;181;176
158;32;189;199
155;103;183;41
163;157;82;35
189;157;106;41
22;171;142;185
36;192;68;125
179;42;159;58
88;57;168;105
161;21;72;187
32;169;166;178
30;130;92;94
132;119;157;32
184;77;89;40
64;73;106;37
107;33;112;168
128;139;35;35
187;39;190;157
118;124;97;132
128;166;128;139
33;189;90;59
11;156;184;52
172;159;101;40
99;114;200;27
129;148;199;106
122;186;113;132
131;98;128;84
81;94;83;42
109;99;184;60
178;124;192;181
70;42;28;14
118;103;22;137
14;99;159;122
138;102;53;189
49;14;22;95
127;87;127;133
141;23;19;132
130;30;86;122
41;91;118;120
124;84;18;142
119;139;132;175
43;190;63;61
156;149;112;92
34;83;145;132
83;54;155;109
155;129;69;195
156;133;99;167
174;97;188;28
184;179;44;77
90;46;89;49
188;23;15;23
117;131;87;149
133;167;48;11
109;135;39;184
34;38;57;106
25;46;55;52
110;49;39;13
166;110;85;111
122;44;45;69
94;158;95;200
192;89;97;123
130;180;194;166
166;133;38;167
139;94;186;91
113;147;195;193
21;195;28;127
143;180;149;89
100;87;186;58
65;49;15;142
192;195;31;76
153;42;83;19
68;151;16;69
142;198;24;59
142;65;41;118
76;127;11;104
149;66;119;26
27;189;16;144
52;83;196;50
97;123;152;140
89;99;197;52
142;25;104;149
143;82;64;172
108;12;60;72
56;27;16;97
87;39;111;165
146;39;50;68
174;15;27;150
136;199;118;70
89;103;192;13
118;85;110;135
120;92;96;199
143;66;104;175
32;12;152;52
44;79;12;150
184;31;34;103
175;195;68;82
84;66;81;33
135;59;191;49
83;135;83;134
47;142;163;59
189;77;77;139
135;31;105;36
154;188;65;16
14;32;127;200
160;172;187;38
37;143;168;91
103;106;41;198
173;61;89;154
183;25;142;177
104;155;161;29
131;177;130;54
185;14;135;112
90;129;37;62
52;99;140;149
103;117;119;153
24;143;104;82
13;152;124;194
82;106;156;40
12;30;195;115
19;15;56;186
165;164;128;24
16;46;40;67
152;100;93;163
63;83;142;30
143;13;99;128
30;91;45;126
96;154;190;116
90;71;178;188
176;190;74;173
41;132;74;155
144;157;128;182
109;111;96;177
112;10;114;132
67;30;131;134
17;68;182;170
180;104;143;82
186;39;26;136
74;185;30;37
83;62;178;195
14;20;163;124
23;55;122;131
40;38;169;48
76;160;110;83
110;154;103;33
115;57;198;161
134;198;161;179
104;76;43;141
71;12;18;20
29;97;68;127
134;37;163;166
26;113;152;147
151;175;132;95
100;106;115;174
91;180;39;160
65;66;103;83
139;134;27;88
186;102;112;172
146;105;174;112
100;28;132;86
126;47;131;109
168;88;126;97
56;26;185;28
167;76;28;132
104;84;176;66
39;120;131;132
24;118;131;194
45;173;81;94
179;96;149;148
20;65;11;183
93;128;197;190
150;68;200;137
95;155;151;126
163;62;25;150
137;187;35;193
61;56;16;19
39;148;134;26
131;179;150;19
137;34;30;183
175;174;195;147
101;88;66;185
130;154;19;158
36;164;121;50
24;88;154;167
177;129;13;198
136;131;165;65
87;133;55;168
144;175;128;140
157;16;196;118
150;42;21;11
92;126;182;179
173;132;117;157
192;18;47;100
32;20;196;126
84;37;194;126
177;131;194;77
131;142;172;166
117;162;95;152
86;107;200;171
57;77;108;179
71;71;23;127
187;108;108;81
176;131;122;197
63;182;84;149
86;179;85;90
129;44;174;138
173;87;35;26
127;171;182;156
46;27;68;182
80;67;99;105
166;168;180;70
113;123;117;153
77;91;76;114
133;27;83;147
200;50;155;161
104;94;58;194
34;152;12;104
168;45;76;40
104;15;49;192
119;187;173;59
126;76;14;32
16;151;112;37
171;122;189;69
161;138;53;132
137;94;173;135
48;166;116;54
22;65;66;38
16;78;41;186
149;24;33;66
23;167;27;138
189;37;200;157
129;194;86;187
186;128;63;75
33;117;144;94
129;118;171;102
134;29;106;11
15;159;172;127
117;65;65;74
118;156;181;42
126;73;180;184
66;151;148;95
176;40;73;138
171;18;17;118
56;118;130;114
38;85;152;63
12;63;119;10
127;156;61;141
61;71;74;63
182;196;54;140
77;64;111;94
154;158;139;187
97;115;177;13
126;160;119;195
148;144;29;96
58;21;189;146
130;199;185;28
86;155;114;38
16;156;141;58
140;182;76;45
79;135;102;115
134;28;78;125
162;62;135;182
97;35;114;110
86;83;103;24
100;29;117;164
142;113;145;160
152;52;66;123
158;151;192;194
17;29;46;189
186;137;98;181
100;105;92;121
129;151;182;124
46;176;169;137
98;78;135;162
176;71;49;12
103;146;135;127
194;194;88;127
166;63;136;67
107;28;10;47
200;83;42;161
36;10;139;116
154;184;171;132
138;154;178;48
23;34;170;155
72;21;53;76
103;76;72;78
142;54;114;180
60;182;148;173
32;49;62;193
151;127;71;47
150;84;76;22
18;63;125;29
72;162;79;176
60;83;71;184
166;134;62;135
192;169;147;108
197;69;106;35
146;82;85;148
18;143;16;193
82;63;127;96
100;160;164;197
173;63;66;74
121;132;55;45
39;153;47;105
161;67;58;62
69;26;146;56
117;115;77;73
20;29;36;83
194;94;191;123
92;167;70;152
142;197;49;147
148;40;22;131
108;37;75;90
126;128;150;200
153;132;114;135
40;111;155;172
139;88;47;154
127;109;148;128
108;60;200;60
159;165;20;116
160;91;172;43
64;13;74;75
74;156;42;20
24;157;149;48
189;117;88;146
166;95;56;61
138;98;143;131
175;171;118;188
52;29;188;40
139;72;39;191
47;69;73;126
98;53;50;150
151;161;18;134
191;44;124;52
194;69;51;137
96;61;44;47
173;146;47;191
130;142;193;45
168;86;86;115
165;32;118;105
63;110;155;34
71;11;23;195
114;92;138;66
36;82;197;185
152;110;73;64
24;128;100;53
147;24;32;124
196;43;126;166
107;117;81;78
13;11;144;25
164;110;20;154
166;108;66;156
168;106;121;104
42;176;107;199
178;125;174;43
45;150;69;85
44;68;89;61
155;88;163;144
79;56;120;56
51;175;145;135
69;118;174;164
152;128;153;113
160;175;117;145
120;126;98;146
172;195;157;54
87;110;62;56
39;161;50;114
140;180;124;130
171;190;183;105
27;173;22;26
49;142;152;190
13;112;197;132
175;57;86;123
109;22;162;196
26;187;195;46
26;35;101;176
104;133;171;127
15;149;192;81
115;58;18;200
134;172;134;167
182;32;29;56
14;165;75;174
107;15;104;88
11;80;71;74
181;172;104;128
88;35;40;153
175;93;69;25
21;142;125;170
186;144;139;30
82;194;90;114
56;42;141;148
58;44;138;195
55;121;176;21
38;54;21;152
168;70;35;162
39;137;82;156
198;181;192;60
138;170;77;26
94;125;76;53
182;145;60;93
193;81;175;21
42;169;101;134
89;84;84;53
170;30;199;160
15;133;10;34
45;144;43;66
106;62;40;72
80;15;186;124
141;30;62;100
69;50;53;52
49;172;29;71
149;187;185;24
53;69;85;185
120;149;199;168
50;141;165;94
13;31;132;154
19;133;72;185
52;112;174;138
128;167;143;72
109;10;19;40
26;27;79;90
23;107;79;132
190;147;160;80
25;78;193;148
165;143;155;161
145;69;72;56
69;128;50;112
170;31;177;49
123;124;117;113
148;187;103;12
36;55;127;129
34;53;140;101
115;189;106;38
66;194;78;68
30;102;167;194
86;81;154;32
140;14;86;19
137;149;10;197
58;131;132;92
144;126;18;49
10;172;78;25
138;189;50;45
140;42;134;75
195;159;191;198
28;125;71;114
17;59;118;99
73;80;120;114
83;78;147;19
52;87;15;124
52;120;21;48
12;86;99;11
21;97;164;24
190;131;71;64
135;79;106;101
89;161;86;106
188;18;79;127
177;186;166;28
58;162;114;102
188;151;11;87
35;71;52;114
12;178;156;129
76;168;85;12
25;111;103;88
164;41;112;70
189;16;85;123
56;25;193;179
25;178;166;91
44;21;31;169
97;142;80;169
188;192;190;182
195;115;185;131
126;116;139;168
35;111;83;34
167;42;162;157
64;170;41;198
168;59;166;180
112;165;54;54
83;183;46;132
34;99;31;179
189;27;22;101
69;164;72;72
172;120;148;75
181;39;191;180
193;163;34;37
111;36;159;102
112;167;134;162
172;35;109;151
89;21;157;178
43;88;157;157
184;73;155;128
30;52;97;124
22;185;52;73
24;179;10;86
197;114;120;115
72;156;20;173
19;72;122;58
155;162;173;198
28;84;75;132
108;99;83;10
116;70;85;177
116;59;84;42
58;31;46;73
127;163;39;94
51;177;55;51
112;183;94;147
150;47;93;188
108;87;57;54
60;137;24;74
146;127;84;100
41;19;126;99
13;98;27;96
170;154;80;199
69;91;100;35
10;189;187;131
29;42;38;114
146;186;90;138
182;111;155;176
54;190;176;31
152;129;86;134
82;188;64;171
142;95;39;29
134;153;86;182
136;18;11;99
62;68;159;150
114;50;143;11
200;182;172;174
185;11;25;198
130;37;102;33
153;14;178;132
121;40;110;55
71;35;66;121
163;114;113;57
137;195;189;190
124;112;91;176
85;129;20;189
62;123;127;34
18;152;62;80
134;97;38;57
76;113;186;52
72;199;60;85
36;29;56;102
99;82;175;127
142;101;18;78
156;186;123;70
56;129;179;174
194;187;92;101
187;73;132;185
61;130;138;81
98;196;90;195
102;42;82;17
134;19;74;94
114;33;133;104
172;98;69;132
180;17;92;179
107;109;118;73
146;53;32;184
196;189;114;75
120;38;32;198
144;109;27;80
198;87;27;83
77;91;12;104
190;113;42;138
23;116;79;85
42;149;70;141
100;116;198;24
17;11;132;128
119;160;151;126
69;168;185;181
153;132;55;114
135;172;91;53
37;179;33;22
27;166;103;116
61;171;161;18
49;134;44;185
39;183;190;101
165;58;143;49
123;117;162;177
187;189;112;72
23;117;42;52
37;86;53;196
138;58;187;166
131;162;43;85
126;191;30;46
38;18;29;198
38;57;29;138
167;191;119;193
16;80;37;133
61;37;200;145
195;189;66;25
65;50;57;26
198;147;141;163
37;58;147;13
194;139;12;27
97;121;19;102
71;130;28;48
44;176;156;139
185;191;100;106
198;193;114;70
184;60;14;17
36;124;145;109
10;16;162;125
27;153;113;84
46;103;53;171
132;96;185;17
128;145;70;167
197;132;157;161
59;106;113;73
93;37;131;124
117;53;115;162
45;187;38;188
167;58;187;11
200;15;141;104
109;198;66;102
129;199;60;159
94;168;83;23
127;153;151;37
117;78;144;122
21;200;38;62
25;165;68;149
160;75;132;19
131;110;158;169
165;108;57;168
157;185;137;74
56;20;141;137
17;167;94;18
179;65;70;196
82;50;38;88
149;121;187;167
20;122;155;100
148;138;197;11
34;189;122;25
182;118;169;71
181;164;195;75
170;69;105;100
123;192;155;95
132;57;169;112
156;127;103;112
165;134;115;179
89;14;122;176
106;170;13;18
97;91;137;189
70;73;157;182
176;58;145;104
75;184;75;172
107;159;30;199
42;26;151;21
171;169;62;122
12;30;166;67
104;34;11;84
84;79;175;51
171;79;60;196
128;129;162;190
97;154;27;128
49;161;25;127
133;58;68;99
136;47;152;113
118;55;43;117
166;147;34;69
190;116;72;164
137;193;56;159
106;169;35;119
94;65;58;72
86;23;56;164
144;184;140;168
176;42;86;127
127;66;143;169
125;177;50;81
47;54;86;196
127;97;159;117
75;89;57;145
11;75;170;147
99;81;163;171
93;86;98;192
110;67;115;56
113;39;40;62
77;157;110;200
117;138;122;54
121;78;102;28
116;174;141;200
162;186;165;86
177;194;15;94
49;131;125;69
59;40;83;30
133;136;101;73
91;161;163;190
147;15;164;180
179;149;45;184
36;183;178;199
147;194;19;119
60;56;28;140
154;166;23;186
65;166;65;21
105;165;20;32
125;160;163;153
79;181;75;135
24;11;100;178
121;86;200;97
161;178;103;35
188;37;142;16
127;50;135;131
159;168;41;198
92;72;104;61
192;159;41;115
189;86;30;69
80;166;180;122
28;115;91;18
51;134;87;173
128;88;58;142
176;130;157;43
15;189;78;40
121;122;153;77
161;60;128;198
154;193;42;95
59;130;145;161
133;13;140;60
98;10;91;35
158;174;17;38
30;153;72;173
72;195;74;162
84;104;17;57
135;113;195;44
159;114;69;196
196;74;80;79
37;182;45;52
176;66;73;100
197;45;65;136
197;81;134;41
200;52;15;106
21;188;195;188
101;167;125;60
137;155;41;40
196;144;129;94
73;83;167;134
90;195;29;79
76;148;176;86
72;181;167;107
193;132;166;32
127;195;49;77
49;112;131;169
138;170;65;133
18;154;144;89
130;21;60;147
26;121;129;56
98;133;89;31
73;72;105;64
111;136;20;190
47;94;84;196
65;16;114;86
101;176;94;161
65;74;131;24
32;122;41;84
66;20;84;118
28;46;17;45
123;103;157;150
196;52;39;110
15;110;148;10
178;170;42;179
144;83;36;95
10;44;77;70
175;54;25;157
108;158;64;44
97;28;17;126
166;160;84;33
116;192;159;190
43;132;54;124
159;65;107;107
90;126;197;136
169;129;29;174
120;39;80;177
21;96;168;185
192;133;40;65
21;25;196;187
176;133;109;132
193;162;191;128
92;25;196;146
12;18;23;90
91;82;181;148
53;102;101;185
64;13;154;172
14;142;195;97
98;86;58;86
74;141;172;100
44;85;99;107
167;130;170;153
50;21;168;99
100;125;87;143
16;87;149;155
153;34;105;39
41;65;195;95
163;67;134;61
198;105;59;42
65;69;129;13
97;57;71;144
34;154;35;100
195;126;147;47
67;88;176;13
48;156;172;32
91;169;106;48
67;11;113;13
87;193;61;28
113;130;181;58
184;200;192;149
130;39;200;142
64;178;196;133
73;148;23;83
37;107;37;54
190;127;33;77
174;69;11;34
146;68;67;37
189;18;163;89
197;61;174;75
190;116;43;187
199;94;17;138
61;22;92;185
111;98;174;176
55;124;109;90
65;10;193;38
77;98;75;24
147;163;178;37
82;57;85;164
189;97;19;52
59;129;165;72
147;176;53;190
154;116;27;58
79;40;21;171
192;170;148;181
110;169;195;111
162;142;100;97
14;26;151;33
191;154;63;89
184;35;179;49
63;133;51;144
153;41;119;82
79;123;20;38
78;12;32;101
148;129;90;199
178;152;80;64
134;165;158;131
162;182;13;37
102;68;144;74
72;78;161;71
107;54;175;98
147;131;10;179
154;60;67;79
115;100;143;151
164;135;57;128
174;170;181;156
82;181;16;17
142;73;129;175
42;50;28;179
113;113;162;195
50;16;93;78
188;149;106;160
147;105;172;117
161;132;77;175
103;103;158;37
149;168;10;90
55;78;24;145
69;158;190;129
45;68;54;88
72;194;66;42
38;154;77;129
93;92;174;74
57;197;33;81
141;50;172;42
187;137;186;20
30;184;11;77
113;91;179;132
191;173;162;105
116;95;122;56
138;21;151;77
108;74;191;177
150;87;44;80
134;192;144;117
145;117;91;87
104;157;46;191
127;173;191;107
119;89;121;82
87;70;67;172
169;118;113;109
68;185;49;70
112;98;27;12
28;112;151;80
74;37;118;129
17;21;97;87
170;79;141;108
129;39;107;138
111;178;86;119
181;60;20;95
77;117;85;136
200;123;188;11
170;186;28;40
160;22;110;157
71;52;117;172
115;37;27;104
45;19;169;86
149;24;39;144
66;162;185;12
47;84;89;181
141;179;33;130
193;21;66;65
46;76;163;174
90;92;49;193
115;43;170;67
21;156;172;107
119;185;147;45
140;124;110;44
170;151;183;91
170;108;88;16
143;63;14;123
109;105;146;152
160;162;121;51
134;120;161;125
106;166;30;140
152;140;72;84
181;142;47;115
187;120;60;182
169;18;25;164
159;200;56;78
147;36;153;184
31;17;19;10
53;156;140;22
72;138;114;88
105;28;28;195
89;20;64;181
15;163;87;180
147;106;59;73
16;17;157;61
118;96;172;27
54;47;190;105
150;20;57;171
148;137;43;53
22;154;75;152
117;119;138;47
104;160;184;92
168;152;150;194
160;19;76;46
19;127;107;59
98;94;19;47
117;42;150;163
78;20;126;11
91;155;174;20
106;185;154;93
88;189;109;71
148;189;79;175
21;10;158;161
181;185;15;92
190;185;74;25
98;139;147;60
94;167;193;65
33;52;31;49
137;130;169;111
16;181;200;110
134;140;36;129
115;117;12;158
84;172;109;43
118;23;122;59
58;139;159;42
69;138;97;99
87;165;56;25
79;184;29;95
155;16;58;63
28;18;152;59
64;176;56;181
177;27;118;110
119;80;187;161
122;181;115;123
142;197;184;121
84;89;131;73
82;44;76;98
139;52;137;70
182;188;137;135
138;68;80;68
159;102;57;37
115;51;178;57
69;182;55;117
199;137;194;87
165;16;31;122
144;181;46;141
27;29;100;183
169;136;60;133
127;115;141;153
70;43;102;190
140;83;36;62
120;82;82;197
61;13;94;76
72;50;192;185
90;51;18;134
115;89;109;144
33;189;35;168
35;164;59;86
31;148;57;92
128;166;96;80
165;92;15;96
121;147;198;65
181;48;133;61
128;197;191;125
164;100;51;12
94;13;50;145
11;58;61;173
105;59;71;131
59;107;29;29
75;46;88;98
74;118;101;35
57;170;194;71
80;35;110;46
81;157;51;195
52;191;165;130
110;51;120;119
59;77;108;58
48;168;149;197
183;44;84;199
122;13;189;113
150;106;109;127
64;47;138;70
169;18;68;64
133;194;187;184
39;34;38;166
63;32;17;11
149;129;120;59
199;50;74;193
97;20;61;55
59;80;91;80
50;44;57;161
33;198;164;102
60;91;19;23
174;134;173;165
76;17;135;162
120;177;45;45
15;96;34;54
94;58;69;177
18;97;128;86
40;38;184;149
42;25;147;142
191;31;151;135
165;45;181;155
162;103;85;172
44;196;66;112
97;109;99;20
197;169;114;27
160;28;50;60
108;192;110;142
35;148;176;192
162;74;128;192
48;78;65;30
179;72;118;80
121;73;140;90
33;56;136;126
148;96;54;96
24;81;129;182
139;21;178;40
175;105;55;68
162;101;153;61
188;26;78;148
34;153;12;89
119;176;187;35
155;57;134;124
199;110;43;46
17;100;74;146
133;194;91;94
15;134;54;193
98;154;187;179
45;164;175;134
45;89;34;83
80;91;135;16
78;30;118;50
188;147;11;63
62;163;35;103
137;17;152;81
141;180;120;89
109;124;194;71
186;84;109;43
39;13;56;24
161;73;14;134
22;12;32;69
68;39;98;17
51;114;44;86
138;85;13;47
79;21;192;91
75;69;107;178
49;132;52;191
173;14;177;116
139;103;63;52
134;139;72;78
109;110;168;24
200;71;56;170
155;172;32;38
110;81;65;19
49;35;99;113
103;104;156;40
179;23;165;82
43;197;87;102
126;69;13;133
98;53;94;162
179;188;18;144
129;132;57;101
33;187;30;155
148;44;59;89
129;169;10;171
117;90;14;198
120;89;165;175
31;115;158;113
81;84;80;119
181;157;61;49
95;126;177;176
117;133;70;120
74;126;62;56
83;184;194;41
27;131;181;169
66;112;178;118
166;156;74;167
137;162;129;63
83;199;53;24
80;165;113;157
84;128;71;168
25;180;20;116
41;13;184;154
60;134;91;180
185;86;139;25
59;195;149;90
63;112;184;59
47;28;197;144
84;77;45;19
76;138;18;67
124;134;27;16
16;167;150;109
91;140;192;156
46;113;174;21
131;185;150;106
138;130;169;125
39;63;122;199
125;21;177;197
77;38;116;138
130;100;181;196
143;97;146;103
45;57;125;97
80;98;77;158
80;195;67;30
183;186;187;181
124;195;184;176
59;18;19;52
31;185;137;141
103;72;84;99
105;89;177;109
191;131;38;31
11;113;40;147
118;118;120;92
28;177;192;195
38;197;70;61
51;58;28;195
175;130;98;18
43;124;103;72
76;176;143;104
167;65;51;66
78;48;140;184
167;114;181;43
104;176;91;121
21;163;99;178
73;34;86;167
122;83;29;192
166;95;184;13
89;85;123;140
145;35;113;162
70;22;124;76
136;47;173;64
52;195;52;75
102;171;109;15
138;85;74;131
153;120;95;133
94;99;91;43
62;29;197;193
130;90;171;56
173;128;139;129
23;141;157;74
92;167;114;60
13;58;108;180
129;91;87;54
158;152;103;105
92;33;26;85
185;140;105;173
36;16;153;163
171;193;42;171
50;118;90;133
40;49;195;44
181;48;88;54
65;190;70;167
75;134;111;67
83;160;123;143
155;107;183;25
52;71;116;177
69;20;69;189
167;26;69;66
75;194;200;186
186;58;57;84
192;22;161;154
128;187;43;41
122;161;165;69
175;67;58;122
106;120;152;99
162;15;36;120
138;159;33;142
198;151;78;41
140;197;83;89
182;60;156;68
128;78;79;35
169;83;107;195
116;105;32;18
139;64;123;171
174;25;135;177
180;84;79;59
76;142;124;123
66;134;160;137
142;32;72;178
74;126;23;84
95;22;17;18
194;155;163;55
172;129;128;200
106;94;172;62
105;78;102;11
172;22;172;198
67;188;119;127
36;162;28;147
39;108;131;132
181;135;192;34
76;155;97;136
105;180;38;21
45;146;54;72
184;98;81;179
157;67;43;23
57;177;15;196
17;159;142;29
96;16;161;30
135;16;171;199
37;145;147;160
90;117;178;70
65;178;170;151
62;200;105;17
159;195;113;30
48;46;187;190
187;83;18;119
40;84;82;128
102;36;25;126
150;175;125;178
162;28;77;192
158;101;92;100
162;55;23;134
83;39;88;113
170;168;118;11
87;103;179;178
141;16;182;70
96;100;186;52
190;169;164;179
29;145;151;149
24;194;77;189
164;153;45;185
98;86;126;13
95;16;154;62
176;33;81;175
95;164;117;173
149;151;157;131
177;171;107;153
17;188;175;90
156;164;120;65
34;124;28;51
132;97;174;180
30;112;154;20
162;100;48;173
62;76;165;169
83;163;27;175
171;89;67;148
146;95;42;124
154;10;61;192
101;86;43;52
48;17;112;180
142;200;95;114
179;157;159;130
170;124;139;199
133;17;61;161
53;135;96;194
139;99;67;176
140;76;179;134
174;54;65;17
101;111;17;73
179;182;56;74
152;68;18;200
118;178;12;48
141;141;40;197
151;138;50;148
174;31;64;27
109;196;51;37
105;53;25;127
45;71;68;97
145;136;54;136
109;188;128;39
95;113;172;148
144;140;194;112
154;40;84;70
196;182;62;151
86;177;157;112
111;176;171;42
146;75;172;113
109;90;111;137
87;167;82;92
197;121;123;153
135;197;98;117
188;41;58;141
179;197;20;98
112;115;45;31
55;106;119;110
128;47;174;95
173;76;181;153
150;74;197;18
49;14;195;178
149;18;181;142
118;128;25;16
16;93;164;90
43;174;123;196
137;105;59;151
14;138;77;21
116;174;146;173
32;32;106;176
153;71;16;116
130;12;152;136
187;82;196;107
80;15;196;140
175;158;156;37
92;133;29;173
153;139;47;77
96;97;17;66
21;73;104;190
65;18;132;106
117;192;183;137
15;23;86;19
106;48;134;124
30;92;154;31
42;145;40;43
170;53;86;163
179;14;155;33
181;130;91;198
89;140;59;127
197;129;100;52
17;115;80;178
59;16;149;23
181;16;65;69
46;114;152;66
21;127;15;24
75;81;51;182
115;105;80;118
67;151;73;129
15;29;159;92
70;45;165;63
126;57;22;36
21;90;191;70
166;118;58;88
136;148;176;161
156;24;197;107
19;96;70;169
152;96;133;14
51;195;157;183
32;100;27;111
58;115;82;134
122;62;156;30
89;177;139;75
174;127;112;64
95;88;101;84
79;59;186;163
125;19;170;180
176;30;73;187
198;149;65;48
88;105;10;77
105;22;185;86
62;169;16;50
177;186;44;102
127;136;55;179
25;21;170;67
18;96;50;130
108;79;28;52
192;164;129;149
87;12;126;161
125;138;67;30
85;134;69;125
110;45;175;139
140;146;111;121
51;121;29;109
183;41;72;92
142;149;175;18
53;86;58;142
47;91;91;189
165;116;193;144
92;96;105;107
140;189;89;99
133;143;65;105
32;140;187;45
105;97;58;31
68;152;72;34
144;23;65;88
162;90;184;181
30;73;135;49
56;81;26;111
34;175;195;166
43;184;56;140
89;195;193;53
37;160;158;150
15;181;25;52
136;103;134;160
127;191;64;173
122;24;174;125
107;104;176;168
34;110;47;115
112;25;116;82
107;100;53;100
162;154;12;72
87;161;29;67
17;156;183;92
175;195;121;38
69;173;133;50
27;109;110;62
125;69;24;45
121;139;94;55
195;116;101;52
72;142;76;133
40;102;14;178
54;106;156;93
11;70;90;62
185;63;162;79
31;194;189;88
10;71;78;43
189;49;197;115
87;162;10;76
198;190;175;174
31;130;173;90
60;134;192;163
59;110;88;129
57;109;170;176
198;24;192;131
108;110;75;175
86;92;173;69
40;156;161;106
198;137;38;129
177;137;20;126
159;171;49;44
92;97;187;170
153;172;99;140
155;45;87;44
131;129;149;187
91;32;165;187
188;132;48;33
24;200;70;176
96;14;34;35
150;147;46;158
34;151;47;82
86;79;25;107
96;22;122;198
169;18;69;10
34;56;99;104
119;122;108;196
160;45;124;150
159;66;114;89
128;25;85;199
135;92;104;117
178;143;24;163
199;74;96;198
52;14;165;60
114;156;17;54
170;31;103;43
51;87;36;175
200;183;118;196
20;195;112;28
69;92;82;52
190;190;131;104
133;67;40;133
106;17;123;14
152;30;66;141
31;128;15;114
18;98;16;112
161;77;191;163
25;122;56;176
37;128;132;33
162;127;200;160
86;25;94;140
102;65;103;35
104;117;33;66
113;99;122;87
145;169;58;35
20;84;95;119
24;88;38;183
94;125;89;10
38;133;137;145
11;140;33;111
157;102;123;151
100;179;100;102
150;48;93;120
91;18;90;70
139;109;137;19
44;69;63;150
11;91;86;69
160;153;41;169
45;172;89;169
85;191;153;98
35;83;61;151
57;54;125;146
41;129;55;92
118;60;44;71
135;30;198;25
127;32;106;165
112;111;92;32
125;127;123;172
14;70;49;95
54;118;168;164
68;71;25;87
65;102;119;22
155;63;38;81
10;137;156;12
126;157;127;178
55;27;163;194
155;188;102;83
120;107;126;44
100;187;59;147
64;173;177;99
72;35;89;186
132;95;145;128
55;100;177;46
37;70;20;74
101;76;187;45
188;183;70;24
79;91;142;173
47;169;64;88
99;45;21;18
190;115;88;199
199;196;51;78
67;57;48;44
53;187;24;42
105;75;171;69
105;78;139;46
146;107;131;90
142;60;32;11
164;86;74;198
81;65;196;60
13;190;102;133
26;141;124;61
128;23;98;38
164;111;123;108
148;111;40;121
72;119;86;22
44;26;151;73
114;92;28;13
171;168;116;166
64;50;158;189
76;137;48;142
195;120;142;71
96;121;163;199
173;130;68;159
60;164;194;142
194;100;113;72
77;159;61;197
170;63;32;102
111;50;126;198
26;193;30;171
185;136;160;193
110;161;90;78
105;75;182;122
123;40;35;52
98;22;58;25
57;92;130;56
158;106;194;197
198;51;34;92
159;67;77;165
14;44;192;161
151;109;94;90
152;33;121;112
93;25;98;172
188;161;180;99
69;71;75;176
170;109;94;148
66;74;148;76
131;180;85;45
159;153;64;42
198;143;31;139
200;120;65;147
198;12;120;78
39;84;152;173
156;77;158;129
30;168;145;54
155;176;121;31
12;60;15;37
50;19;12;155
73;159;19;189
185;46;130;173
30;200;30;18
134;85;172;180
192;173;164;144
194;102;65;109
29;121;136;58
178;74;126;185
35;153;192;157
57;70;108;173
141;100;126;121
130;124;168;94
134;44;126;176
197;136;10;195
120;145;61;22
12;173;108;156
41;200;21;12
64;43;87;64
143;26;55;101
140;180;130;56
97;25;140;174
175;190;33;130
146;18;187;124
168;80;174;158
132;53;138;122
65;131;150;46
135;108;121;198
86;200;174;75
61;86;89;56
199;168;94;169
182;58;191;44
72;148;45;47
143;20;135;112
16;154;12;186
45;147;199;130
163;54;127;16
26;88;101;27
160;67;31;111
188;77;189;166
136;41;147;58
87;89;92;195
83;93;131;104
136;34;120;161
114;108;18;164
162;28;171;196
87;126;150;118
177;175;34;110
20;144;75;191
196;140;119;187
87;13;160;46
175;77;35;148
160;98;139;184
177;112;162;28
98;25;117;46
44;149;14;128
36;142;120;107
44;82;152;190
57;151;55;118
172;178;156;100
154;98;159;137
53;16;108;86
48;187;181;142
147;134;53;92
51;169;147;184
53;172;155;108
175;59;32;116
36;11;173;31
35;36;178;114
56;22;87;146
79;179;11;68
197;28;11;181
150;107;90;118
168;90;172;17
44;139;58;128
127;91;170;184
76;134;30;174
109;164;195;50
184;62;59;129
98;155;18;197
114;199;83;189
150;147;185;169
71;178;157;66
110;140;23;105
57;102;168;112
150;71;147;195
187;31;101;198
47;54;43;153
21;194;131;143
178;184;69;192
165;76;128;78
29;145;178;69
46;200;12;121
156;140;72;158
195;72;58;118
120;117;191;172
107;67;98;81
19;88;179;45
33;189;42;112
164;22;116;32
193;179;82;65
155;80;113;43
119;81;127;137
19;109;83;134
162;23;167;119
109;62;143;58
49;135;27;112
145;36;161;154
47;57;122;179
73;78;46;133
120;185;62;152
180;159;64;140
94;151;181;87
144;60;11;20
27;147;173;138
195;105;123;129
132;164;45;92
196;44;68;197
74;123;180;30
27;188;161;128
143;100;69;14
44;20;74;196
143;133;160;73
105;103;64;131
175;130;72;91
87;26;42;139
194;87;78;65
34;173;65;109
75;69;172;43
127;197;40;27
134;175;77;162
185;48;54;71
52;86;124;71
121;72;50;82
119;175;117;122
25;57;113;173
164;155;177;188
185;90;196;19
187;23;161;46
149;97;82;169
90;35;141;14
96;85;62;123
166;133;58;175
112;59;48;162
173;156;63;67
10;25;139;45
104;165;32;105
182;178;199;86
120;48;126;155
193;80;190;133
60;48;108;94
186;183;35;144
69;45;113;177
22;103;36;155
139;116;65;37
27;170;106;107
21;62;111;11
21;83;61;129
67;143;179;145
89;91;44;78
103;199;140;49
183;159;127;164
86;100;48;175
170;101;193;50
92;38;136;139
115;108;76;52
128;155;95;179
188;64;178;193
34;156;17;64
131;33;135;198
158;118;158;179
39;151;102;65
40;92;144;109
19;20;184;121
139;92;124;27
174;79;54;155
147;101;172;39
154;71;22;131
114;151;50;108
174;91;26;167
151;152;91;96
125;196;36;145
171;176;129;29
12;131;147;192
111;192;83;20
126;13;82;100
19;63;98;56
16;157;194;100
22;19;24;69
175;144;41;12
96;13;62;86
172;60;41;46
177;109;169;36
30;119;112;104
22;50;102;172
20;35;107;155
143;83;29;33
63;163;100;121
54;119;178;84
35;72;134;36
133;101;171;91
72;188;152;45
25;53;181;172
93;64;61;45
106;34;101;103
190;86;100;17
27;66;78;150
35;88;106;187
162;81;130;55
193;70;142;26
84;101;89;143
21;143;82;12
67;70;86;11
38;41;133;113
73;74;30;29
105;104;33;15
117;85;110;177
32;34;134;96
22;157;177;145
173;194;174;105
72;137;88;25
117;94;130;112
115;34;63;141
47;74;30;194
110;110;96;115
122;97;63;196
135;74;14;20
181;15;63;122
59;196;167;79
66;181;189;35
41;184;153;160
84;131;103;191
178;66;92;105
122;180;54;88
37;22;28;35
39;99;88;184
131;146;160;120
48;178;159;64
125;120;110;129
153;87;93;165
192;136;197;119
64;165;74;25
92;95;33;56
173;144;181;30
112;177;184;98
14;108;40;119
31;187;62;50
118;58;130;128
81;96;46;200
141;33;37;34
27;19;139;79
139;30;98;30
18;191;36;190
82;154;90;124
76;42;135;24
76;136;47;13
123;130;84;186
113;141;171;69
104;153;23;68
86;45;58;200
171;157;14;168
80;173;148;93
133;174;48;182
128;107;82;32
15;106;107;159
68;46;30;186
86;34;187;56
119;106;184;84
102;17;52;125
158;81;155;132
77;62;170;69
162;74;24;183
92;21;98;153
165;172;12;47
115;173;163;182
79;40;14;80
96;120;147;151
173;184;107;172
162;98;107;155
43;85;189;58
64;36;98;92
35;74;159;183
161;159;82;108
81;84;86;48
109;32;179;18
179;73;194;65
16;176;66;83
67;43;153;78
21;12;75;69
28;43;133;145
49;108;94;21
48;24;30;144
172;131;18;176
45;42;132;138
34;75;47;137
45;88;196;120
162;176;122;97
54;141;105;31
165;26;181;133
138;131;164;177
96;62;196;155
20;100;121;28
119;91;146;160
158;121;84;53
152;19;48;81
74;155;35;101
178;18;46;34
30;67;61;158
146;128;80;98
100;175;188;136
13;12;41;72
161;142;197;185
132;21;49;73
51;47;27;132
119;170;97;196
72;87;29;91
193;135;50;28
39;163;80;57
60;180;112;20
161;180;129;67
156;51;33;61
127;192;56;22
89;107;171;110
128;42;144;129
184;159;10;118
11;23;118;128
46;197;117;196
36;67;166;45
169;68;11;57
157;150;66;68
111;155;60;78
181;150;94;11
58;125;128;116
161;27;94;28
189;85;45;27
172;24;87;15
106;186;87;117
179;22;18;43
177;183;17;66
25;22;58;154
75;48;151;168
147;144;34;191
98;152;56;194
16;69;183;171
134;69;174;85
162;192;77;113
85;41;13;134
133;86;94;24
107;41;137;57
38;199;145;13
161;11;75;86
128;179;59;89
184;73;178;118
16;193;172;165
57;19;26;43
29;40;124;25
129;131;194;89
167;138;46;24
82;180;111;90
90;60;182;107
194;155;152;200
187;77;133;177
132;110;135;151
137;110;193;152
175;166;77;32
12;15;52;80
40;134;87;55
125;29;185;29
142;28;102;189
144;66;33;115
187;116;100;199
21;189;133;195
54;89;108;197
172;19;32;175
75;84;105;131
47;188;105;134
76;93;145;96
21;114;167;184
85;155;88;150
164;34;166;164
185;91;95;25
198;44;156;155
156;76;143;146
37;10;45;74
67;126;90;184
22;190;185;68
174;146;137;68
79;52;77;107
82;96;37;23
10;47;41;87
30;171;137;47
126;192;154;189
191;108;95;138
89;125;91;65
75;10;176;29
165;162;22;137
199;178;32;125
147;142;109;126
92;101;174;167
13;123;175;109
138;120;67;154
91;100;83;115
110;121;53;182
130;11;197;137
162;67;62;124
41;42;29;16
177;187;68;188
157;77;46;149
200;183;183;168
142;189;187;136
33;21;183;124
128;145;196;175
194;142;105;151
150;140;15;199
20;57;172;105
108;163;140;172
141;111;27;74
181;57;154;117
55;88;111;14
199;199;63;205
136;127;199;145
92;188;122;153
200;47;33;19
97;179;79;43
39;129;166;140
82;183;107;200
68;160;28;141
173;88;129;54
86;195;57;167
199;89;146;38
116;41;45;93
200;157;21;185
98;188;81;80
131;74;128;64
88;24;187;168
140;117;62;22
165;16;19;160
115;114;75;156
39;44;103;72
193;65;117;132
145;145;116;26
174;124;34;131
196;168;92;89
179;91;189;152
37;35;105;119
29;89;87;180
95;15;119;177
156;13;66;61
80;111;189;164
36;133;11;102
81;148;163;58
185;133;13;166
100;67;154;137
25;164;184;168
36;55;120;20
179;176;197;156
190;20;54;62
167;187;24;78
181;30;118;55
54;75;96;20
113;126;72;200
40;107;19;122
183;81;98;194
150;81;85;105
49;135;88;51
87;54;155;83
67;51;12;162
167;79;39;126
125;153;158;95
60;123;61;155
128;131;53;85
113;78;164;183
67;38;87;22
80;70;80;160
137;198;107;174
75;124;19;93
39;119;25;86
142;31;22;183
178;22;131;127
43;23;121;71
49;142;151;170
134;137;20;74
125;50;142;144
161;46;101;167
28;189;109;93
173;118;49;51
19;115;72;130
46;167;70;190
179;82;152;43
194;151;49;53
96;105;33;60
183;153;62;173
20;25;88;113
180;70;112;46
78;134;32;54
179;183;118;132
174;177;182;11
75;79;28;125
107;108;176;151
19;198;123;104
43;36;136;91
196;89;81;101
103;190;52;148
17;51;25;169
108;105;169;112
168;162;87;142
134;103;149;134
74;145;193;161
64;61;183;185
149;187;99;35
121;149;164;22
118;166;15;95
192;102;151;112
94;89;94;118
91;171;160;36
20;47;117;151
68;33;46;16
102;92;59;101
54;66;70;147
147;58;176;47
30;64;82;163
83;189;153;66
53;113;166;62
179;189;83;129
184;177;138;22
78;10;82;79
120;72;33;104
43;83;184;112
188;41;141;96
13;46;149;94
174;123;110;60
47;102;177;25
24;83;78;89
56;83;38;88
173;173;79;186
121;23;20;101
83;49;70;17
81;63;58;111
102;146;173;23
58;181;101;81
144;151;68;148
131;164;150;146
43;23;102;135
111;171;188;96
157;167;90;145
199;199;52;163
140;98;13;17
118;186;91;21
91;94;49;183
85;70;73;30
109;151;179;184
110;106;123;105
140;44;53;132
130;52;71;121
194;187;110;65
16;142;18;90
59;106;167;148
101;28;176;158
134;41;150;167
12;104;44;66
104;35;24;115
45;25;124;32
140;145;200;180
104;196;190;164
16;93;19;135
86;83;162;171
60;185;101;118
72;61;158;101
38;84;28;102
59;51;141;61
182;14;83;113
89;134;40;172
44;154;65;199
189;105;140;193
146;187;121;42
17;34;152;31
70;155;69;85
161;180;74;198
199;191;40;200
155;189;15;188
100;158;113;43
163;127;157;95
186;144;145;66
98;131;138;174
99;107;171;14
97;17;181;102
139;155;59;36
84;57;103;137
92;134;170;71
111;125;51;43
179;110;40;136
199;38;116;68
172;117;130;71
115;117;35;41
26;135;132;125
167;46;158;151
48;140;166;58
11;141;46;97
11;12;75;26
167;179;96;164
168;148;63;149
38;56;42;146
160;92;108;78
152;73;110;156
146;192;147;89
75;56;143;119
182;47;145;30
29;97;181;96
148;87;20;113
53;52;176;89
111;22;40;26
108;10;124;129
144;143;86;172
146;19;182;107
65;145;96;110
192;123;148;171
17;184;174;185
70;117;116;33
58;80;22;120
108;70;196;128
83;135;142;166
169;32;183;171
71;80;77;75
154;167;153;200
63;89;190;161
42;41;107;161
89;180;70;169
69;150;34;88
66;145;139;196
95;58;101;15
87;170;86;141
160;82;153;49
154;135;161;126
83;155;91;183
170;41;148;157
180;173;67;59
40;16;46;74
56;88;152;79
103;106;172;190
181;19;90;41
94;119;187;88
84;24;23;52
105;191;12;80
149;48;175;130
109;144;25;96
145;62;93;47
107;14;124;185
124;130;134;87
157;36;199;150
136;106;21;108
186;199;124;13
36;44;118;115
45;151;17;152
86;168;47;57
146;49;134;47
156;21;15;138
152;45;130;195
47;176;117;130
24;75;122;134
39;103;73;19
21;47;173;98
61;156;150;136
26;27;182;151
48;188;115;60
121;109;28;97
50;183;25;197
45;191;108;128
36;66;91;51
183;155;42;10
156;89;187;176
40;58;200;99
54;121;167;80
123;97;14;108
82;70;169;58
171;89;152;53
101;122;99;67
20;101;138;89
143;136;116;35
38;87;173;42
147;185;198;18
191;190;177;188
72;175;149;172
108;115;65;54
54;28;73;188
91;151;194;140
65;41;14;83
114;21;17;67
162;161;100;30
56;101;181;185
131;79;152;13
186;127;135;100
63;179;106;68
92;118;118;109
135;104;17;72
125;151;175;24
149;37;150;47
97;162;64;19
15;172;67;14
143;120;89;87
174;51;75;26
82;91;153;10
140;100;11;91
105;33;77;150
62;170;106;91
94;139;158;83
70;135;112;161
99;21;113;200
118;15;44;43
90;75;80;56
89;173;196;195
57;189;166;93
33;39;53;83
40;115;176;168
178;87;76;88
142;167;35;85
13;141;106;115
11;145;125;64
108;161;26;66
115;116;156;175
131;151;175;59
81;96;50;154
91;117;128;68
108;92;33;116
42;185;151;119
92;75;195;163
45;192;68;152
139;106;139;144
200;45;133;46
178;12;102;151
26;72;188;23
92;160;17;36
104;118;130;45
23;109;77;25
178;122;41;41
119;172;90;28
150;84;149;34
59;139;159;65
64;76;48;61
58;123;38;80
190;81;46;54
71;71;165;183
55;199;40;80
109;180;163;185
23;166;150;37
53;14;190;25
76;89;167;111
78;30;127;81
17;135;113;143
200;46;64;70
250;150;160;189
68;86;49;18
132;125;53;36
179;112;146;140
121;174;72;85
139;83;62;163
33;129;24;22
72;119;116;117
179;88;184;156
110;168;70;42
94;147;168;105
154;67;106;120
90;31;82;178
179;177;99;42
174;84;123;71
119;157;81;85
62;150;50;83
54;179;42;75
59;147;106;153
99;187;84;92
67;176;55;171
150;111;49;181
165;18;182;91
37;141;188;158
55;23;100;132
22;117;43;18
45;177;21;194
124;68;87;51
75;96;12;173
115;69;108;158
44;30;150;159
194;122;138;180
185;71;176;99
25;95;189;136
96;99;135;126
58;38;68;179
186;185;146;35
35;93;29;68
181;57;62;15
136;31;97;98
86;133;91;24
47;113;35;122
124;192;105;141
128;181;79;138
113;92;50;193
77;95;71;179
104;183;12;137
47;90;164;29
39;100;72;194
183;181;140;67
138;152;25;177
161;92;185;108
196;114;48;146
81;126;62;187
188;180;113;157
61;89;174;158
123;154;153;34
141;200;126;59
118;58;137;45
168;189;88;160
24;123;92;75
50;80;164;83
120;47;56;126
56;105;117;107
126;155;181;69
98;105;130;36
77;169;11;32
71;182;191;185
134;67;58;166
122;50;153;120
164;109;47;35
84;48;94;40
68;55;126;94
96;180;99;20
180;115;60;44
23;113;151;82
141;20;128;132
79;74;45;174
51;75;167;60
170;92;196;123
191;75;21;86
133;146;144;133
32;111;41;56
188;129;111;43
199;121;16;174
23;109;197;127
135;113;136;96
16;144;10;115
30;45;178;125
59;111;88;118
194;49;14;200
77;191;104;40
152;168;113;124
133;96;185;189
104;47;63;189
176;107;150;46
25;13;39;119
32;35;173;85
161;81;95;184
147;181;48;44
155;101;120;165
87;182;157;106
16;50;36;25
109;73;186;130
91;132;67;44
133;106;175;178
87;164;54;142
72;35;50;176
186;185;145;172
150;60;189;150
56;58;31;45
192;29;26;193
14;42;72;187
188;28;134;36
192;79;128;179
94;49;132;15
178;172;39;185
21;86;174;68
102;18;49;175
94;133;176;27
38;59;17;74
150;161;127;29
113;36;97;67
192;102;156;173
158;23;25;78
124;143;31;190
113;100;136;191
64;145;133;196
51;44;36;128
142;10;32;75
113;162;83;107
125;66;191;121
194;65;153;140
142;197;157;103
197;153;98;117
55;46;66;176
181;67;12;151
40;113;117;45
85;25;132;83
121;25;150;106
109;30;134;193
16;155;54;15
62;161;78;71
190;116;45;62
194;187;143;157
126;151;176;136
155;168;155;55
49;88;180;69
147;25;20;22
141;176;180;32
160;64;20;160
53;52;106;62
128;119;147;99
12;182;176;116
13;47;50;148
198;110;123;99
72;38;174;12
188;10;38;14
65;20;179;11
135;60;37;128
65;200;122;31
176;200;178;33
123;47;179;12
36;85;116;33
172;120;50;186
153;142;184;110
90;36;35;10
117;137;77;34
23;148;46;104
55;172;95;128
137;63;96;100
67;149;11;117
160;152;195;46
76;102;168;11
131;75;63;74
25;194;178;58
153;77;122;112
40;163;167;74
198;61;160;40
171;117;163;57
199;10;131;134
189;171;174;69
135;57;170;75
58;64;141;167
167;86;141;45
22;17;63;191
61;198;121;34
111;66;78;115
62;103;180;44
114;12;35;164
20;185;97;108
97;26;114;101
144;21;161;178
77;134;102;94
165;48;62;24
85;98;133;104
186;44;80;161
51;166;62;118
93;17;157;49
